# MySQL-Front 4.2  (Build 2.83)

/*!40101 SET @OLD_SQL_MODE=@@SQL_MODE */;
/*!40101 SET SQL_MODE='STRICT_TRANS_TABLES,NO_AUTO_CREATE_USER,NO_ENGINE_SUBSTITUTION' */;
/*!40111 SET @OLD_SQL_NOTES=@@SQL_NOTES */;
/*!40103 SET SQL_NOTES='ON' */;


# Host: localhost    Database: jh_system
# ------------------------------------------------------
# Server version 5.1.54-community

DROP DATABASE IF EXISTS `jh_system`;
CREATE DATABASE `jh_system` /*!40100 DEFAULT CHARACTER SET utf8 */;
USE `jh_system`;

#
# Table structure for table jh_academy
#

CREATE TABLE `jh_academy` (
  `Id` int(11) NOT NULL AUTO_INCREMENT,
  `academy_name` varchar(255) NOT NULL DEFAULT '-' COMMENT '学院名称',
  `add_time` timestamp NULL DEFAULT CURRENT_TIMESTAMP COMMENT '添加时间',
  PRIMARY KEY (`Id`)
) ENGINE=InnoDB AUTO_INCREMENT=20 DEFAULT CHARSET=utf8;

#
# Dumping data for table jh_academy
#

INSERT INTO `jh_academy` VALUES (1,'化材学院','2010-05-31 08:21:20');
INSERT INTO `jh_academy` VALUES (2,'机械学院','2010-05-31 08:21:55');
INSERT INTO `jh_academy` VALUES (3,'信息学院','2010-05-31 08:22:20');
INSERT INTO `jh_academy` VALUES (4,'计算机、软件学院','2010-05-31 08:22:36');
INSERT INTO `jh_academy` VALUES (5,'经贸学院','2010-05-31 08:22:48');
INSERT INTO `jh_academy` VALUES (6,'建工学院','2010-05-31 08:22:57');
INSERT INTO `jh_academy` VALUES (7,'生环学院','2010-05-31 08:23:15');
INSERT INTO `jh_academy` VALUES (8,'教科学院','2010-05-31 08:23:25');
INSERT INTO `jh_academy` VALUES (9,'人文学院','2010-05-31 08:23:40');
INSERT INTO `jh_academy` VALUES (10,'健行学院','2010-05-31 08:23:51');
INSERT INTO `jh_academy` VALUES (11,'外语学院','2010-05-31 08:24:00');
INSERT INTO `jh_academy` VALUES (12,'法学院','2010-05-31 08:24:09');
INSERT INTO `jh_academy` VALUES (13,'理学院','2010-05-31 08:24:16');
INSERT INTO `jh_academy` VALUES (14,'成教学院','2010-05-31 08:24:27');
INSERT INTO `jh_academy` VALUES (15,'之江学院','2010-05-31 08:24:37');
INSERT INTO `jh_academy` VALUES (16,'艺术学院','2010-05-31 08:24:43');
INSERT INTO `jh_academy` VALUES (17,'药学院','2010-05-31 08:24:50');
INSERT INTO `jh_academy` VALUES (18,'国际学院','2010-05-31 08:24:56');
INSERT INTO `jh_academy` VALUES (19,'政管学院','2010-05-31 08:25:06');

#
# Table structure for table jh_department
#

CREATE TABLE `jh_department` (
  `Id` int(11) NOT NULL AUTO_INCREMENT,
  `departmentName` varchar(255) NOT NULL DEFAULT '' COMMENT '部门名称',
  PRIMARY KEY (`Id`)
) ENGINE=InnoDB AUTO_INCREMENT=5 DEFAULT CHARSET=utf8 COMMENT='部门表';

#
# Dumping data for table jh_department
#

INSERT INTO `jh_department` VALUES (4,'主席团');

#
# Table structure for table jh_dynamic
#

CREATE TABLE `jh_dynamic` (
  `Id` int(11) NOT NULL AUTO_INCREMENT,
  `title` varchar(255) NOT NULL DEFAULT '' COMMENT '标题',
  `content` varchar(255) NOT NULL DEFAULT '' COMMENT '内容',
  `time` timestamp NULL DEFAULT CURRENT_TIMESTAMP COMMENT '添加时间',
  PRIMARY KEY (`Id`)
) ENGINE=InnoDB AUTO_INCREMENT=26 DEFAULT CHARSET=utf8 COMMENT='动态表';

#
# Dumping data for table jh_dynamic
#

INSERT INTO `jh_dynamic` VALUES (8,'精弘综合管理系统V2.0版上线拉!欢迎精弘全体成员使用','历时一个暑假,精弘综合管理系统V2.0版终于和大家见面拉!欢迎精弘全体成员使用...最新添加消息模块!有任何意见都可以直接发送给精弘管理层!未来将添加短信功能~~~~','2010-09-07 22:22:14');
INSERT INTO `jh_dynamic` VALUES (9,'精弘综合管理V2.0版修正了一个按职务分页查询的BUG［已解决］','精弘综合管理V2.0版修正了一个按职务分页查询的BUG［已解决］．目前选择按用户职务筛选，跳转到下一页也正常显示剩余数据，一切显示正常．欢迎大家使用精弘管理，并提出改进意见．我们将针对性的修正程序BUG并即时以动态形式通知各位','2010-09-17 05:52:42');
INSERT INTO `jh_dynamic` VALUES (10,'修正了课表编辑的用户选择列表未锁定的BUG并对课表添加补充了提示','修正了课表编辑的用户选择列表未锁定的BUG并对课表添加补充了提示，对显示动态对话框无法关闭也进行了修正','2010-09-18 07:53:53');
INSERT INTO `jh_dynamic` VALUES (11,'关于统计部门信息的通知','于中秋结束前即9-2４晚00：００前，将各自负责的精弘部门的全部成员信息作一个excel的统计：需要学号，姓名，联系方式三项［用于精弘综合管理系统初始化］','2010-09-20 22:35:01');
INSERT INTO `jh_dynamic` VALUES (12,'精弘部长级成员开通了用户查询权限，回复短消息功能开通并更新了部分BUG[已完成]','精弘部长级成员开通了用户查询权限并更新了部分BUG[已完成],主要BUG有个人编辑课表不成功时返回可放大用户选择，该bug已修正，欢迎大家对管理系统提出意见和建议．．．','2010-09-23 10:48:54');
INSERT INTO `jh_dynamic` VALUES (13,'[温馨提示]精弘综合管理系统最新版地址为http://210.32.200.95:8080/jh_system','[温馨提示]精弘综合管理系统最新版地址为http://210.32.200.95:8080/jh_system,而不是http://m.zjut.com.虽然m.zjut.com也可用，但功能不全，存在BUG，希望大家注意地址．．．','2010-09-24 14:22:49');
INSERT INTO `jh_dynamic` VALUES (14,'查询用户结果关联用户课表及空课查询关联用户信息［已完成］','查询用户结果关联用户课表及空课查询关联用户信息［已完成］方便相关权限的精弘用户查看相关信息．．．','2010-09-28 21:46:02');
INSERT INTO `jh_dynamic` VALUES (15,'空课查询时的用户列表已经按中文姓排序［已完成］','空课查询时的用户列表已经按中文姓排序［已完成］，大家可以方便的统一浏览和选择了．．．之后会开发新的便捷操作．方便大家的操作．．．敬请期待','2010-09-29 21:02:04');
INSERT INTO `jh_dynamic` VALUES (16,'2010年10月精弘重大事件：精弘网络校级组织成立大会','2010年10月精弘重大事件：精弘网络校级组织成立大会．这是精弘历史性的一次大会．它向全工大正式宣布：又一个校级组织＂精弘网络＂诞生了．我们的口号：精弘，我的五彩生活．我们的目标：服务学生的网络平台．','2010-10-06 22:42:00');
INSERT INTO `jh_dynamic` VALUES (17,'[温馨提示]精弘综合管理系统最新版域名地址：http://oa.zjut.com','[温馨提示]精弘综合管理系统最新版域名地址：http://oa.zjut.com,该域名将作为精弘内部管理系统的统一入口．．．更多功能请关注精弘最新动态','2010-10-06 22:45:38');
INSERT INTO `jh_dynamic` VALUES (18,'2010.10.24(周日)13:30-15:30精弘网络成立大会','2010.10.24(周日)13:30-15:30精弘网络成立大会，届时会有各级校级学生组织代表参会，学工部老师领导也将到会，希望精弘网络所有成员都能参会，共同庆祝这一天的到来...','2010-10-17 21:17:52');
INSERT INTO `jh_dynamic` VALUES (19,'关于参加下周日（11.21）下午13:30-广B107精弘网络干部培训班的通知','时间: 下周日(11.21)下午13:30\r\n地点: 广B107\r\n\r\n除非特殊情况请假, 不然都应该参加培训... ','2010-11-09 20:22:14');
INSERT INTO `jh_dynamic` VALUES (20,'关于2010.11.26－“求是潮记者节“活动相关安排的通知','精弘将安排以下五人［刑锟，午木，肖俏妮，王金马］参加浙江大学第五届记者节记者沙龙活动,该活动将于2010年11月26日（星期五）14：00在紫金港校区内行政楼二楼隆重举行.希望这四人能代表精弘积极的互动并带回学习交流的成果～～～','2010-11-15 21:49:32');
INSERT INTO `jh_dynamic` VALUES (21,'新功能“今日例会”上线啦！','此功能实现了精弘各部门及部门以上的各类例会时间安排的显示，根据教务处行政周及今日星期得到今日例会的部长列表并呈现在OA系统首页右侧，对于经常忘记会议的您，请及时访问http://oa.zjut.com查看每日例会情况～精弘OA－精弘网络自己的网上管理系统！','2010-11-23 20:48:58');
INSERT INTO `jh_dynamic` VALUES (22,'精弘文件柜上线啦！[验证码问题已解决]','经过将近一周的时间开发，精弘文件柜终于上线了，不过目前仍存在linux下无法上传提示验证码错误，正在解决中，敬请期待，域名为http://file.zjut.com','2010-12-06 23:00:50');
INSERT INTO `jh_dynamic` VALUES (23,'12.24-18：30【家和堂四楼】精弘网络圣诞主题活动，欢迎大家前来参加哈~','如题：活动旨在加强精弘成员的熟悉度，提高团队总体的亲切感~~~整个活动由大一常务同学负责，从策划到最后执行完全由他们进行~希望大家好好加油，为了精弘美好的明天而不懈努力~','2010-12-11 16:02:42');
INSERT INTO `jh_dynamic` VALUES (24,'新学期新气象－在精弘开心每一天！[修正、更新资料和课表]','新的一学期又已到来，欢迎新同学加入精弘，欢送元老，毕业、就业、离开、一切都是那么平静~精弘感谢你们曾经的付出，精弘会在周年庆典上邀请你们“常回来看看”,we are best, everyone and you~~~','2011-03-03 23:03:47');
INSERT INTO `jh_dynamic` VALUES (25,'2011.3.13精弘招新面试','2011.3.13精弘招新面试.','2011-03-13 18:17:56');

#
# Table structure for table jh_job
#

CREATE TABLE `jh_job` (
  `Id` int(11) NOT NULL AUTO_INCREMENT,
  `job_name` varchar(255) NOT NULL DEFAULT '-' COMMENT '职务名',
  `job_description` varchar(255) DEFAULT NULL COMMENT '职务描述',
  `add_time` timestamp NULL DEFAULT CURRENT_TIMESTAMP COMMENT '添加时间',
  PRIMARY KEY (`Id`)
) ENGINE=InnoDB AUTO_INCREMENT=44 DEFAULT CHARSET=utf8;

#
# Dumping data for table jh_job
#

INSERT INTO `jh_job` VALUES (3,'精弘网络主席','精弘网络主席','2010-09-04 20:28:18');
INSERT INTO `jh_job` VALUES (4,'技术总监','技术总监','2010-09-04 20:28:38');
INSERT INTO `jh_job` VALUES (5,'日常事务中心总监','日常事务中心总监','2010-09-04 20:29:04');
INSERT INTO `jh_job` VALUES (6,'论坛总监','论坛总监','2010-09-04 20:29:15');
INSERT INTO `jh_job` VALUES (7,'产品总监','产品总监','2010-09-04 20:29:26');
INSERT INTO `jh_job` VALUES (8,'后台程序开发部-部长','后台程序开发部-部长','2010-09-04 20:30:12');
INSERT INTO `jh_job` VALUES (9,'视觉传达部-部长','视觉传达部-部长','2010-09-04 20:30:24');
INSERT INTO `jh_job` VALUES (10,'前端设计部-部长','前端设计部-部长','2010-09-04 20:30:33');
INSERT INTO `jh_job` VALUES (11,'服务器部-部长','服务器部-部长','2010-09-04 20:30:43');
INSERT INTO `jh_job` VALUES (12,'办公室-主任','办公室-主任','2010-09-04 20:30:58');
INSERT INTO `jh_job` VALUES (13,'组织部-部长','组织部-部长','2010-09-04 20:31:07');
INSERT INTO `jh_job` VALUES (14,'活动部-部长','活动部-部长','2010-09-04 20:31:27');
INSERT INTO `jh_job` VALUES (15,'论坛-校园生活区-超版','论坛-校园生活区-超版','2010-09-04 20:32:10');
INSERT INTO `jh_job` VALUES (16,'论坛-电脑网络区-超版','论坛-电脑网络区-超版','2010-09-04 20:32:24');
INSERT INTO `jh_job` VALUES (17,'论坛-文化艺术区-超版','论坛-文化艺术区-超版','2010-09-04 20:32:37');
INSERT INTO `jh_job` VALUES (18,'论坛-未来规划区-超版','论坛-未来规划区-超版','2010-09-04 20:32:51');
INSERT INTO `jh_job` VALUES (19,'论坛-学术科学区-超版','论坛-学术科学区-超版','2010-09-04 20:33:10');
INSERT INTO `jh_job` VALUES (20,'论坛-休闲娱乐区-超版','论坛-休闲娱乐区-超版','2010-09-04 20:33:27');
INSERT INTO `jh_job` VALUES (21,'论坛-精弘网络以及精弘站务区-超版','论坛-精弘网络以及精弘站务区-超版','2010-09-04 20:34:05');
INSERT INTO `jh_job` VALUES (22,'精弘资讯-产品经理','精弘资讯-产品经理','2010-09-04 20:36:59');
INSERT INTO `jh_job` VALUES (23,'精弘商铺-产品经理','精弘商铺-产品经理','2010-09-04 20:37:10');
INSERT INTO `jh_job` VALUES (24,'精弘Feel电台-台长','精弘Feel电台-台长','2010-09-04 20:37:30');
INSERT INTO `jh_job` VALUES (25,'精弘家园-产品经理','精弘家园-产品经理','2010-09-04 20:37:43');
INSERT INTO `jh_job` VALUES (26,'精弘下载-产品经理','精弘下载-产品经理','2010-09-04 20:37:59');
INSERT INTO `jh_job` VALUES (27,'精弘开源社区-负责人','精弘开源社区-负责人','2010-09-04 20:38:22');
INSERT INTO `jh_job` VALUES (28,'论坛-普通版主','论坛-普通版主','2010-09-14 04:58:08');
INSERT INTO `jh_job` VALUES (29,'前端部员','前端部员','2010-09-14 05:00:30');
INSERT INTO `jh_job` VALUES (30,'后台程序开发部员','后台程序开发部员','2010-09-14 05:00:41');
INSERT INTO `jh_job` VALUES (31,'视传部员','视传部员','2010-09-14 05:00:53');
INSERT INTO `jh_job` VALUES (32,'服务器管理部员','服务器管理部员','2010-09-14 05:01:05');
INSERT INTO `jh_job` VALUES (33,'商铺部员','商铺部员','2010-09-14 05:01:15');
INSERT INTO `jh_job` VALUES (34,'电台部员','电台部员','2010-09-14 05:01:24');
INSERT INTO `jh_job` VALUES (35,'家园部员','家园部员','2010-09-14 05:01:31');
INSERT INTO `jh_job` VALUES (36,'下载站部员','下载站部员','2010-09-14 05:01:43');
INSERT INTO `jh_job` VALUES (37,'资讯部员','资讯部员','2010-09-14 05:01:54');
INSERT INTO `jh_job` VALUES (38,'开源社区部员','开源社区部员','2010-09-14 05:02:12');
INSERT INTO `jh_job` VALUES (39,'常务组织部部员','常务组织部部员','2010-09-14 05:02:25');
INSERT INTO `jh_job` VALUES (40,'常务办公室部员','常务办公室部员','2010-09-14 05:02:36');
INSERT INTO `jh_job` VALUES (41,'常务活动部部员','常务活动部部员','2010-09-14 05:02:43');
INSERT INTO `jh_job` VALUES (42,'朝晖常务部员','朝晖常务部员','2010-09-27 12:05:25');
INSERT INTO `jh_job` VALUES (43,'朝晖常务部长','朝晖常务部长','2011-03-01 22:58:32');

#
# Table structure for table jh_ke
#

CREATE TABLE `jh_ke` (
  `Id` int(11) NOT NULL AUTO_INCREMENT,
  `termID` int(11) NOT NULL DEFAULT '0' COMMENT '学期ID',
  `userID` int(11) NOT NULL DEFAULT '0' COMMENT '用户ID',
  `k_1_1` tinyint(3) NOT NULL DEFAULT '0',
  `k_1_2` tinyint(3) NOT NULL DEFAULT '0',
  `k_1_3` tinyint(3) NOT NULL DEFAULT '0',
  `k_1_4` tinyint(3) NOT NULL DEFAULT '0',
  `k_1_5` tinyint(3) NOT NULL DEFAULT '0',
  `k_1_6` tinyint(3) NOT NULL DEFAULT '0',
  `k_1_7` tinyint(3) NOT NULL DEFAULT '0',
  `k_1_8` tinyint(3) NOT NULL DEFAULT '0',
  `k_1_9` tinyint(3) NOT NULL DEFAULT '0',
  `k_1_10` tinyint(3) NOT NULL DEFAULT '0',
  `k_1_11` tinyint(3) NOT NULL DEFAULT '0',
  `k_1_12` tinyint(3) NOT NULL DEFAULT '0',
  `k_2_1` tinyint(3) NOT NULL DEFAULT '0',
  `k_2_2` tinyint(3) NOT NULL DEFAULT '0',
  `k_2_3` tinyint(3) NOT NULL DEFAULT '0',
  `k_2_4` tinyint(3) NOT NULL DEFAULT '0',
  `k_2_5` tinyint(3) NOT NULL DEFAULT '0',
  `k_2_6` tinyint(3) NOT NULL DEFAULT '0',
  `k_2_7` tinyint(3) NOT NULL DEFAULT '0',
  `k_2_8` tinyint(3) NOT NULL DEFAULT '0',
  `k_2_9` tinyint(3) NOT NULL DEFAULT '0',
  `k_2_10` tinyint(3) NOT NULL DEFAULT '0',
  `k_2_11` tinyint(3) NOT NULL DEFAULT '0',
  `k_2_12` tinyint(3) NOT NULL DEFAULT '0',
  `k_3_1` tinyint(3) NOT NULL DEFAULT '0',
  `k_3_2` tinyint(3) NOT NULL DEFAULT '0',
  `k_3_3` tinyint(3) NOT NULL DEFAULT '0',
  `k_3_4` tinyint(3) NOT NULL DEFAULT '0',
  `k_3_5` tinyint(3) NOT NULL DEFAULT '0',
  `k_3_6` tinyint(3) NOT NULL DEFAULT '0',
  `k_3_7` tinyint(3) NOT NULL DEFAULT '0',
  `k_3_8` tinyint(3) NOT NULL DEFAULT '0',
  `k_3_9` tinyint(3) NOT NULL DEFAULT '0',
  `k_3_10` tinyint(3) NOT NULL DEFAULT '0',
  `k_3_11` tinyint(3) NOT NULL DEFAULT '0',
  `k_3_12` tinyint(3) NOT NULL DEFAULT '0',
  `k_4_1` tinyint(3) NOT NULL DEFAULT '0',
  `k_4_2` tinyint(3) NOT NULL DEFAULT '0',
  `k_4_3` tinyint(3) NOT NULL DEFAULT '0',
  `k_4_4` tinyint(3) NOT NULL DEFAULT '0',
  `k_4_5` tinyint(3) NOT NULL DEFAULT '0',
  `k_4_6` tinyint(3) NOT NULL DEFAULT '0',
  `k_4_7` tinyint(3) NOT NULL DEFAULT '0',
  `k_4_8` tinyint(3) NOT NULL DEFAULT '0',
  `k_4_9` tinyint(3) NOT NULL DEFAULT '0',
  `k_4_10` tinyint(3) NOT NULL DEFAULT '0',
  `k_4_11` tinyint(3) NOT NULL DEFAULT '0',
  `k_4_12` tinyint(3) NOT NULL DEFAULT '0',
  `k_5_1` tinyint(3) NOT NULL DEFAULT '0',
  `k_5_2` tinyint(3) NOT NULL DEFAULT '0',
  `k_5_3` tinyint(3) NOT NULL DEFAULT '0',
  `k_5_4` tinyint(3) NOT NULL DEFAULT '0',
  `k_5_5` tinyint(3) NOT NULL DEFAULT '0',
  `k_5_6` tinyint(3) NOT NULL DEFAULT '0',
  `k_5_7` tinyint(3) NOT NULL DEFAULT '0',
  `k_5_8` tinyint(3) NOT NULL DEFAULT '0',
  `k_5_9` tinyint(3) NOT NULL DEFAULT '0',
  `k_5_10` tinyint(3) NOT NULL DEFAULT '0',
  `k_5_11` tinyint(3) NOT NULL DEFAULT '0',
  `k_5_12` tinyint(3) NOT NULL DEFAULT '0',
  `k_6_1` tinyint(3) NOT NULL DEFAULT '0',
  `k_6_2` tinyint(3) NOT NULL DEFAULT '0',
  `k_6_3` tinyint(3) NOT NULL DEFAULT '0',
  `k_6_4` tinyint(3) NOT NULL DEFAULT '0',
  `k_6_5` tinyint(3) NOT NULL DEFAULT '0',
  `k_6_6` tinyint(3) NOT NULL DEFAULT '0',
  `k_6_7` tinyint(3) NOT NULL DEFAULT '0',
  `k_6_8` tinyint(3) NOT NULL DEFAULT '0',
  `k_6_9` tinyint(3) NOT NULL DEFAULT '0',
  `k_6_10` tinyint(3) NOT NULL DEFAULT '0',
  `k_6_11` tinyint(3) NOT NULL DEFAULT '0',
  `k_6_12` tinyint(3) NOT NULL DEFAULT '0',
  `k_7_1` tinyint(3) NOT NULL DEFAULT '0',
  `k_7_2` tinyint(3) NOT NULL DEFAULT '0',
  `k_7_3` tinyint(3) NOT NULL DEFAULT '0',
  `k_7_4` tinyint(3) NOT NULL DEFAULT '0',
  `k_7_5` tinyint(3) NOT NULL DEFAULT '0',
  `k_7_6` tinyint(3) NOT NULL DEFAULT '0',
  `k_7_7` tinyint(3) NOT NULL DEFAULT '0',
  `k_7_8` tinyint(3) NOT NULL DEFAULT '0',
  `k_7_9` tinyint(3) NOT NULL DEFAULT '0',
  `k_7_10` tinyint(3) NOT NULL DEFAULT '0',
  `k_7_11` tinyint(3) NOT NULL DEFAULT '0',
  `k_7_12` tinyint(3) NOT NULL DEFAULT '0',
  `addtime` timestamp NOT NULL DEFAULT CURRENT_TIMESTAMP COMMENT '添加时间',
  PRIMARY KEY (`Id`)
) ENGINE=InnoDB AUTO_INCREMENT=281 DEFAULT CHARSET=utf8 COMMENT='课程表';

#
# Dumping data for table jh_ke
#

INSERT INTO `jh_ke` VALUES (1,1,2,0,0,0,0,0,0,0,0,0,0,0,0,0,0,0,0,0,0,0,0,0,0,0,0,0,0,0,0,0,0,0,0,0,0,0,0,1,1,0,0,0,0,0,0,0,0,0,0,0,0,0,0,0,0,0,0,0,0,0,0,0,0,0,0,0,0,0,0,0,0,0,0,0,0,0,0,0,0,0,0,0,0,0,0,'2010-09-07 22:25:05');
INSERT INTO `jh_ke` VALUES (2,1,75,1,1,0,0,0,0,0,0,0,0,0,0,1,1,0,0,0,1,1,0,0,1,1,0,1,1,1,1,0,1,1,0,0,1,1,0,1,1,1,1,0,1,1,0,0,1,1,1,1,1,1,1,0,1,1,0,0,0,0,0,0,0,0,0,0,0,0,0,0,0,0,0,0,0,0,0,0,0,0,0,0,0,0,0,'2010-09-13 23:54:09');
INSERT INTO `jh_ke` VALUES (3,1,201,1,1,0,0,0,0,0,1,1,1,1,0,1,1,0,0,0,1,1,0,0,1,1,0,1,1,0,0,0,1,1,0,0,1,1,0,1,1,1,1,0,1,1,1,1,0,0,0,1,1,0,0,0,1,1,0,0,0,0,0,0,0,0,0,0,0,0,0,0,0,0,0,0,0,0,0,0,0,0,0,0,0,0,0,'2010-09-14 03:29:47');
INSERT INTO `jh_ke` VALUES (4,1,71,0,0,0,0,0,1,1,1,1,1,1,0,1,1,1,1,0,1,1,0,0,0,0,0,0,0,1,1,0,1,1,0,0,0,0,0,1,1,1,1,0,1,1,0,0,1,1,0,0,0,0,0,0,1,1,0,0,0,0,0,0,0,0,0,0,0,0,0,0,0,0,0,0,0,0,0,0,0,0,0,0,0,0,0,'2010-09-14 03:34:40');
INSERT INTO `jh_ke` VALUES (5,1,101,1,1,0,0,0,1,1,0,0,1,1,0,1,1,1,1,0,0,0,0,0,1,1,0,1,1,1,1,0,1,1,1,1,0,0,0,1,1,0,0,0,1,1,1,1,0,0,0,1,1,1,1,0,1,1,0,0,0,0,0,0,0,0,0,0,0,0,0,0,0,0,0,0,0,0,0,0,0,0,0,0,0,0,0,'2010-09-14 05:01:53');
INSERT INTO `jh_ke` VALUES (6,1,169,1,1,0,0,0,1,1,0,0,0,0,0,1,1,0,0,0,1,1,1,0,0,0,0,0,0,0,0,0,1,1,1,0,0,0,0,1,1,1,1,0,1,1,0,0,0,0,0,0,0,0,0,0,1,1,0,0,0,0,0,0,0,0,0,0,0,0,0,0,0,0,0,0,0,0,0,0,0,0,0,0,0,0,0,'2010-09-14 05:05:54');
INSERT INTO `jh_ke` VALUES (7,1,105,0,0,1,1,0,0,0,0,0,0,0,0,0,0,0,0,0,1,1,0,0,0,0,0,0,0,0,0,0,0,0,0,0,0,0,0,1,1,0,0,0,1,1,0,0,0,0,0,0,0,0,0,0,0,0,0,0,0,0,0,0,0,0,0,0,0,0,0,0,0,0,0,0,0,0,0,0,0,0,0,0,0,0,0,'2010-09-14 05:06:00');
INSERT INTO `jh_ke` VALUES (8,1,118,1,1,1,1,1,1,1,1,1,0,0,0,0,0,1,1,0,1,1,1,1,0,0,0,1,1,1,1,1,1,1,1,1,0,0,0,1,1,1,1,1,1,1,1,1,0,0,0,1,1,1,1,0,0,0,0,0,1,1,1,0,0,0,0,0,0,0,0,0,0,0,0,0,0,0,0,0,0,0,0,0,0,0,0,'2010-09-14 05:13:17');
INSERT INTO `jh_ke` VALUES (9,1,220,1,1,1,1,0,1,1,0,0,1,1,0,1,1,1,1,0,1,1,0,0,1,1,0,1,1,1,1,0,1,1,1,0,1,1,0,1,1,1,1,0,1,1,0,0,1,1,0,1,1,1,1,0,0,0,0,0,1,1,0,0,0,0,0,0,0,0,0,0,0,0,0,0,0,0,0,0,0,0,0,0,0,0,0,'2010-09-14 05:18:58');
INSERT INTO `jh_ke` VALUES (10,1,104,0,0,0,0,0,1,1,0,0,0,0,0,0,0,1,1,0,0,0,0,0,0,0,0,1,1,1,1,0,0,0,0,0,0,0,0,0,0,0,0,0,0,0,0,0,0,0,0,0,0,1,1,0,1,1,0,0,0,0,0,0,0,0,0,0,0,0,0,0,0,0,0,0,0,0,0,0,0,0,0,0,0,0,0,'2010-09-14 05:21:38');
INSERT INTO `jh_ke` VALUES (11,1,46,0,0,1,1,0,1,1,0,0,1,1,0,1,1,0,0,0,1,1,0,0,1,1,0,1,1,1,1,0,1,1,0,0,1,1,1,1,1,1,1,0,1,1,0,0,1,1,1,0,1,1,1,0,1,1,0,0,0,0,0,0,0,0,0,0,0,0,0,0,0,0,0,0,0,0,0,0,1,1,0,0,0,0,0,'2010-09-14 05:29:03');
INSERT INTO `jh_ke` VALUES (12,2,57,1,1,1,1,0,1,1,0,0,0,0,0,0,0,1,1,0,0,0,0,0,1,1,1,0,0,1,1,0,1,1,0,0,0,0,0,0,0,0,0,0,0,0,0,0,0,0,0,1,1,0,0,0,1,1,0,0,0,0,0,0,0,0,0,0,0,0,0,0,0,0,0,0,0,0,0,0,0,0,0,0,0,0,0,'2010-09-14 05:34:04');
INSERT INTO `jh_ke` VALUES (13,1,89,0,0,0,0,0,0,0,0,0,0,0,0,0,0,0,0,0,0,0,1,1,0,0,0,1,1,0,0,0,1,1,0,0,0,0,0,1,1,0,0,0,1,1,0,0,0,0,0,0,0,0,0,0,0,0,0,0,0,0,0,0,0,0,0,0,0,0,0,0,0,0,0,0,0,0,0,0,0,0,0,0,0,0,0,'2010-09-14 05:54:27');
INSERT INTO `jh_ke` VALUES (14,1,143,0,0,0,0,0,1,1,1,1,0,0,0,0,0,0,0,0,1,1,0,0,0,0,0,0,0,0,0,0,0,0,0,0,0,0,0,0,0,0,0,0,0,0,0,0,0,0,0,0,0,0,0,0,0,0,0,0,0,0,0,0,0,0,0,0,0,0,0,0,0,0,0,0,0,0,0,0,0,0,0,0,0,0,0,'2010-09-14 05:55:12');
INSERT INTO `jh_ke` VALUES (15,1,62,1,1,1,0,0,1,1,1,1,1,1,0,1,1,1,1,0,1,1,1,1,0,0,0,0,0,1,1,0,1,1,0,0,1,1,0,0,0,1,1,0,1,1,0,0,1,1,0,0,1,1,1,0,1,1,0,0,0,0,0,0,0,0,0,0,0,0,0,0,0,0,0,0,0,0,0,0,0,0,0,0,0,0,0,'2010-09-14 05:59:16');
INSERT INTO `jh_ke` VALUES (16,1,54,1,1,1,1,1,1,1,1,1,1,1,0,1,1,0,0,1,1,1,1,1,0,0,0,1,1,1,1,1,1,1,0,0,0,0,0,0,0,1,1,1,1,1,1,0,1,1,1,1,1,1,1,1,1,1,0,0,0,0,0,0,0,0,0,0,0,0,0,0,0,0,0,0,0,0,0,0,0,0,0,0,0,0,0,'2010-09-14 06:41:22');
INSERT INTO `jh_ke` VALUES (17,1,198,1,1,1,1,0,0,0,0,0,0,0,0,0,0,0,0,0,1,1,0,0,1,1,0,0,0,0,0,0,1,1,0,0,0,0,0,1,1,1,1,0,0,0,1,1,0,0,0,1,1,1,1,0,1,1,1,1,0,0,0,0,0,0,0,0,0,0,0,0,0,0,0,0,0,0,0,0,0,0,0,0,0,0,0,'2010-09-14 06:56:06');
INSERT INTO `jh_ke` VALUES (18,1,86,0,0,1,1,0,1,1,1,1,0,0,0,0,0,1,1,0,1,1,0,0,0,0,0,1,1,1,0,0,1,1,0,0,0,0,0,1,1,1,1,0,1,1,0,0,0,0,0,0,0,1,1,0,0,0,0,0,1,1,0,0,0,0,0,0,0,0,0,0,0,0,0,0,0,0,0,0,0,0,0,0,0,0,0,'2010-09-14 06:59:05');
INSERT INTO `jh_ke` VALUES (19,1,41,1,1,1,1,0,1,1,0,0,0,0,0,1,1,0,0,0,1,1,0,0,0,0,0,0,0,0,0,0,0,0,0,0,1,1,0,0,0,0,0,0,1,1,1,1,1,1,0,1,1,1,1,0,0,0,0,0,0,0,0,0,0,0,0,0,0,0,0,0,0,0,0,0,0,0,0,0,0,0,0,0,0,0,0,'2010-09-14 07:21:23');
INSERT INTO `jh_ke` VALUES (20,1,47,1,1,1,1,0,1,1,0,0,1,1,0,0,0,0,0,0,1,1,0,0,1,1,0,1,1,1,1,1,1,1,0,0,1,1,0,1,1,1,1,1,1,1,1,1,1,1,0,1,1,1,1,0,1,1,1,1,1,1,0,0,0,0,0,0,0,0,0,0,0,0,0,0,0,0,0,0,0,0,0,0,0,0,0,'2010-09-14 07:49:37');
INSERT INTO `jh_ke` VALUES (21,1,222,1,1,1,0,0,1,1,1,1,0,0,0,1,1,1,1,0,1,1,1,0,1,1,0,0,0,0,0,0,1,1,0,0,0,0,0,1,1,1,1,0,1,1,1,1,1,1,1,1,1,1,1,0,1,1,1,0,0,0,0,0,0,0,0,0,0,0,0,0,0,0,0,0,0,0,0,0,0,0,0,0,0,0,0,'2010-09-15 07:28:41');
INSERT INTO `jh_ke` VALUES (22,1,55,0,1,1,1,0,1,1,1,1,1,1,0,1,1,1,1,0,1,1,1,1,1,1,0,1,1,1,1,0,1,1,0,0,1,1,0,1,1,1,1,0,1,1,0,0,1,1,0,1,1,0,0,0,1,1,0,0,1,1,0,0,0,0,0,0,0,0,0,0,0,0,0,0,0,0,0,0,0,0,0,0,0,0,0,'2010-09-15 07:31:05');
INSERT INTO `jh_ke` VALUES (23,1,130,1,1,1,0,0,0,0,0,0,0,0,0,0,0,1,1,0,1,1,1,0,0,0,0,0,0,1,1,0,1,1,1,0,0,0,0,1,1,1,1,0,1,1,1,0,1,1,0,0,0,0,0,0,1,1,1,0,0,0,0,0,0,0,0,0,0,0,0,0,0,0,0,0,0,0,0,0,0,0,0,0,0,0,0,'2010-09-16 06:26:00');
INSERT INTO `jh_ke` VALUES (24,1,121,0,0,0,0,0,0,0,0,0,0,0,0,0,0,0,0,0,0,0,0,0,0,0,0,1,1,1,1,0,0,0,0,0,0,0,0,0,0,0,0,0,0,0,0,0,0,0,0,1,1,1,1,0,0,0,0,0,0,0,0,0,0,0,0,0,0,0,0,0,0,0,0,0,0,0,0,0,0,0,0,0,0,0,0,'2010-09-16 06:30:20');
INSERT INTO `jh_ke` VALUES (25,1,67,0,0,0,0,0,1,1,1,0,0,0,1,1,1,0,0,0,1,1,0,0,0,0,0,1,1,1,1,0,1,1,1,0,1,1,1,1,1,1,1,0,0,0,0,0,1,1,0,0,0,1,1,1,0,0,0,0,0,0,0,0,0,0,0,0,0,0,0,0,0,0,0,0,0,0,0,0,0,0,0,0,0,0,0,'2010-09-16 06:42:23');
INSERT INTO `jh_ke` VALUES (26,1,167,1,1,1,1,1,1,1,1,1,0,0,0,1,1,1,1,1,1,1,1,1,0,0,0,0,0,0,0,0,0,0,0,0,0,0,0,0,0,0,0,0,1,1,0,0,0,0,0,1,1,0,0,0,0,0,0,0,0,0,0,0,0,0,0,0,0,0,0,0,0,0,0,0,0,0,0,0,0,0,0,0,0,0,0,'2010-09-16 07:23:37');
INSERT INTO `jh_ke` VALUES (27,2,51,1,1,0,0,0,1,1,0,0,0,0,0,1,1,1,0,0,0,0,0,0,0,0,0,1,1,0,0,0,1,1,0,0,1,1,0,1,1,1,0,0,1,1,1,0,0,0,0,0,0,0,0,0,1,1,0,0,0,0,0,0,0,0,0,0,0,0,0,0,0,0,0,0,0,0,0,0,0,0,0,0,0,0,0,'2010-09-16 07:43:58');
INSERT INTO `jh_ke` VALUES (28,1,109,0,0,0,0,0,0,0,0,0,0,0,0,1,1,0,0,0,1,1,0,0,0,0,0,1,1,1,1,0,0,0,0,0,0,0,0,0,0,0,0,0,1,1,0,0,0,0,0,0,0,1,1,0,0,0,0,0,0,0,0,0,0,0,0,0,0,0,0,0,0,0,0,0,0,0,0,0,0,0,0,0,0,0,0,'2010-09-16 08:30:41');
INSERT INTO `jh_ke` VALUES (29,1,209,1,1,1,0,0,1,1,0,0,1,1,0,1,1,1,1,0,1,1,0,0,1,1,0,1,1,1,1,0,1,1,1,1,0,0,0,1,1,1,1,0,1,1,0,0,0,0,0,1,1,1,1,0,1,1,0,0,1,1,0,0,0,0,0,0,0,0,0,0,0,0,0,0,0,0,0,0,0,0,0,0,0,0,0,'2010-09-16 18:55:53');
INSERT INTO `jh_ke` VALUES (30,1,108,0,0,1,1,1,1,1,1,0,0,0,0,1,1,1,1,0,1,1,1,0,0,0,0,0,0,1,1,1,0,0,0,0,0,0,0,0,0,0,0,0,1,1,0,0,0,0,0,1,1,0,0,0,1,1,1,0,0,0,0,0,0,0,0,0,0,0,0,0,0,0,0,0,0,0,0,0,0,0,0,0,0,0,0,'2010-09-16 19:52:10');
INSERT INTO `jh_ke` VALUES (31,1,28,1,1,1,1,0,1,1,1,1,1,1,0,1,1,0,0,0,0,0,1,1,0,0,0,1,1,1,1,0,1,1,0,0,1,1,1,0,0,1,1,0,1,1,0,0,1,1,0,0,1,1,1,0,1,1,0,0,1,1,0,1,1,1,1,0,0,0,0,0,0,0,0,1,1,1,1,1,1,1,1,0,0,0,0,'2010-09-16 20:26:46');
INSERT INTO `jh_ke` VALUES (32,1,29,0,0,1,1,0,1,1,1,1,1,1,0,0,0,0,0,0,1,1,1,1,0,0,0,1,1,1,1,0,1,1,0,0,1,1,0,1,1,1,1,0,0,0,1,1,1,1,0,0,1,1,1,0,1,1,0,0,1,1,0,0,0,0,0,0,0,0,0,0,0,0,0,0,0,0,0,0,0,0,0,0,0,0,0,'2010-09-16 20:49:46');
INSERT INTO `jh_ke` VALUES (33,1,138,1,1,1,1,1,1,0,0,0,0,0,0,1,1,0,0,1,1,1,1,0,0,0,0,1,1,1,1,1,1,0,0,0,1,1,0,0,0,1,1,0,1,1,0,0,0,0,0,1,1,0,0,0,1,1,0,0,0,0,0,0,0,0,0,0,0,0,0,0,0,0,0,0,0,0,0,0,0,0,0,0,0,0,0,'2010-09-17 00:10:51');
INSERT INTO `jh_ke` VALUES (34,1,17,1,1,1,1,0,0,0,1,1,0,0,0,1,1,1,1,0,1,1,1,1,0,0,0,0,0,1,1,0,1,1,0,0,0,0,0,1,1,1,1,0,1,1,0,0,1,1,0,0,0,1,1,0,1,1,0,0,0,0,0,0,0,0,0,0,0,0,0,0,0,0,0,0,0,0,0,0,0,0,0,0,0,0,0,'2010-09-17 00:25:53');
INSERT INTO `jh_ke` VALUES (35,1,50,1,1,1,1,0,0,0,1,1,0,0,0,1,1,1,1,0,1,1,1,1,1,1,0,0,0,1,1,0,1,1,0,0,0,0,0,1,1,1,1,0,0,0,0,0,1,1,1,0,0,1,1,0,1,1,0,0,0,0,0,0,0,0,0,0,0,0,0,0,0,0,0,0,0,0,0,0,0,0,0,0,0,0,0,'2010-09-17 00:46:23');
INSERT INTO `jh_ke` VALUES (36,1,93,1,1,0,0,0,0,0,1,1,1,1,1,0,0,0,0,0,0,0,0,0,0,0,0,1,1,1,1,1,0,0,0,0,0,0,0,0,0,0,0,0,0,0,0,0,0,0,0,0,0,0,0,0,1,1,1,1,0,0,0,0,0,0,0,0,0,0,0,0,0,0,0,0,0,0,0,0,0,0,0,0,0,0,0,'2010-09-17 02:14:39');
INSERT INTO `jh_ke` VALUES (37,1,141,1,1,1,1,0,0,0,0,0,0,0,0,0,0,0,0,0,0,0,0,0,0,0,0,0,0,0,0,0,0,0,0,0,0,0,0,1,1,1,1,1,1,1,0,0,0,0,0,0,0,0,0,0,0,0,0,0,0,0,0,0,0,0,0,0,0,0,0,0,0,0,0,0,0,0,0,0,0,0,0,0,0,0,0,'2010-09-17 02:18:52');
INSERT INTO `jh_ke` VALUES (38,1,26,0,0,0,0,0,1,1,0,0,0,0,0,0,0,0,0,0,0,0,1,1,0,0,0,0,0,0,0,0,1,1,0,0,0,0,0,0,0,1,1,0,1,1,1,1,0,0,0,1,1,1,1,0,1,1,0,0,1,1,0,0,0,0,0,0,1,1,1,1,0,0,0,1,1,1,1,1,1,1,1,1,1,1,1,'2010-09-17 04:51:00');
INSERT INTO `jh_ke` VALUES (39,1,227,0,0,1,1,0,1,1,0,0,0,0,0,1,1,1,1,0,1,1,1,1,0,0,0,1,1,1,1,1,1,1,1,1,1,1,0,1,1,1,1,1,1,1,1,1,1,1,0,1,1,0,0,0,1,1,1,1,1,1,1,0,0,0,0,0,0,0,0,0,0,0,0,0,0,0,0,0,0,0,0,0,0,0,0,'2010-09-17 05:13:21');
INSERT INTO `jh_ke` VALUES (40,1,31,1,1,0,0,0,0,0,0,0,0,0,0,1,1,0,0,0,0,0,1,1,1,1,1,1,1,1,0,0,1,1,0,0,0,0,0,1,1,1,1,0,0,0,0,0,1,1,1,1,1,1,0,0,0,0,0,0,1,1,1,1,1,1,1,1,1,1,1,0,0,0,0,0,0,0,0,0,0,0,0,0,0,0,0,'2010-09-17 19:43:45');
INSERT INTO `jh_ke` VALUES (41,1,92,0,0,0,0,0,1,1,1,0,0,0,0,0,0,0,0,0,0,0,0,0,0,0,0,0,0,0,0,0,0,0,0,0,0,0,0,0,0,0,0,0,0,0,0,0,0,0,0,1,1,1,1,1,0,0,0,0,0,0,0,0,0,0,0,0,0,0,0,0,0,0,0,0,0,0,0,0,0,0,0,0,0,0,0,'2010-09-17 22:37:20');
INSERT INTO `jh_ke` VALUES (42,1,99,1,1,1,1,1,1,1,1,1,1,1,1,1,1,1,1,1,1,1,1,1,1,1,1,1,1,1,1,1,1,1,1,1,1,1,1,1,1,1,1,1,1,1,1,1,1,1,1,1,1,1,1,1,1,1,1,1,1,1,1,0,0,0,0,0,0,0,0,0,0,0,0,0,0,0,0,0,0,0,0,0,0,0,0,'2010-09-18 17:55:14');
INSERT INTO `jh_ke` VALUES (43,1,213,0,0,1,1,0,1,1,1,1,1,1,0,1,1,1,1,0,1,1,1,1,1,1,0,1,1,1,1,0,1,1,0,0,1,1,0,0,0,1,1,0,1,1,0,0,1,1,0,0,0,1,1,0,0,1,1,0,0,0,0,0,0,0,0,0,0,0,0,0,0,0,0,0,0,0,0,0,0,0,0,0,0,0,0,'2010-09-18 20:37:19');
INSERT INTO `jh_ke` VALUES (44,1,230,1,1,1,1,0,0,0,0,0,1,1,0,0,0,0,0,0,1,1,1,1,1,1,0,1,1,1,1,0,1,1,1,0,0,0,0,1,1,1,1,0,0,0,0,0,0,0,0,1,1,1,1,0,1,1,0,0,0,0,0,0,0,0,0,0,0,0,0,0,0,0,0,0,0,0,0,0,0,0,0,0,0,0,0,'2010-09-18 23:24:56');
INSERT INTO `jh_ke` VALUES (45,1,203,1,1,1,1,1,1,1,1,1,1,1,0,1,1,1,1,1,1,1,1,1,1,1,0,1,1,1,1,1,1,1,1,1,1,1,0,1,1,1,1,1,1,1,1,1,1,1,0,1,1,1,1,1,1,1,1,1,1,1,0,1,1,1,1,1,1,1,1,1,1,1,0,1,1,1,1,1,1,1,1,1,1,1,0,'2010-09-19 01:14:36');
INSERT INTO `jh_ke` VALUES (46,1,241,0,0,1,1,0,1,1,0,0,1,1,0,1,1,1,1,0,1,1,1,1,0,0,0,1,1,0,0,0,1,1,0,0,0,0,0,0,0,1,1,0,1,1,1,0,0,0,0,0,0,1,1,0,1,1,0,0,0,0,0,0,0,0,0,0,0,0,0,0,0,0,0,0,0,0,0,0,0,0,0,0,0,0,0,'2010-09-19 01:24:27');
INSERT INTO `jh_ke` VALUES (47,1,239,1,1,1,1,0,1,1,1,1,0,0,0,1,1,1,1,0,1,1,0,0,0,0,0,1,1,1,1,0,1,1,0,0,0,0,0,1,1,1,1,0,1,1,1,0,0,0,0,1,1,0,0,0,1,1,0,0,0,0,0,0,0,0,0,0,0,0,0,0,0,0,0,0,0,0,0,0,0,0,0,0,0,0,0,'2010-09-19 02:58:59');
INSERT INTO `jh_ke` VALUES (48,1,25,1,1,1,1,0,0,0,0,0,0,0,0,1,1,0,0,0,1,1,0,0,0,0,0,1,1,1,1,0,1,1,0,0,0,0,0,1,1,0,0,0,1,1,0,0,0,0,0,1,1,1,1,0,1,1,0,0,1,1,0,0,0,0,0,0,0,0,0,0,0,0,0,0,0,0,0,0,0,0,0,0,0,0,0,'2010-09-19 04:36:57');
INSERT INTO `jh_ke` VALUES (49,1,81,1,1,0,0,0,0,0,0,0,0,0,0,0,0,1,1,0,0,0,0,0,0,0,0,0,0,1,1,0,1,1,0,0,0,0,0,0,0,0,0,0,1,1,1,1,0,0,0,0,0,0,0,0,0,0,0,0,0,0,0,0,0,0,0,0,0,0,0,0,0,0,0,0,0,0,0,0,0,0,0,0,0,0,0,'2010-09-19 06:47:21');
INSERT INTO `jh_ke` VALUES (50,1,233,0,0,1,1,0,0,0,0,0,0,1,1,1,1,1,1,0,1,1,0,0,1,1,0,1,1,0,0,0,0,0,1,1,1,1,0,1,1,0,0,0,1,1,1,0,0,0,0,1,1,1,1,0,1,1,0,0,1,1,0,0,0,0,0,0,0,0,0,0,0,0,0,0,0,0,0,0,0,0,0,0,0,0,0,'2010-09-20 00:28:13');
INSERT INTO `jh_ke` VALUES (51,1,135,1,1,0,0,0,1,1,0,0,0,0,0,0,0,0,0,0,0,0,0,0,0,0,0,1,1,0,0,0,0,0,0,0,0,0,0,1,1,0,0,0,1,1,0,0,0,0,0,0,0,0,0,0,0,0,1,1,0,0,0,0,0,0,0,0,0,0,0,0,0,0,0,0,0,0,0,0,0,0,0,0,0,0,0,'2010-09-20 01:41:14');
INSERT INTO `jh_ke` VALUES (52,1,234,1,1,1,1,0,1,1,1,1,1,1,1,1,1,1,1,0,0,0,0,0,0,0,0,1,1,1,1,0,1,1,0,0,0,0,0,1,1,1,1,0,1,1,0,0,1,1,0,1,1,0,0,0,0,0,0,0,0,0,0,0,0,0,0,0,0,0,0,0,0,0,0,0,0,0,0,0,0,0,0,0,0,0,0,'2010-09-20 02:21:32');
INSERT INTO `jh_ke` VALUES (54,1,225,1,1,1,1,0,1,1,0,0,1,1,0,1,1,1,1,0,1,1,1,1,1,1,1,1,1,1,1,0,1,1,0,0,1,1,0,1,1,1,1,0,1,1,1,1,1,1,1,1,1,1,1,0,1,1,0,0,1,1,0,0,0,0,0,0,0,0,0,0,0,0,0,0,0,0,0,0,0,0,0,0,1,1,0,'2010-09-20 06:39:07');
INSERT INTO `jh_ke` VALUES (55,1,91,0,0,0,0,0,0,0,0,0,0,0,0,0,0,0,0,0,0,0,0,0,0,0,0,1,1,1,1,0,0,0,0,0,0,0,0,0,0,0,0,0,0,0,0,0,1,1,1,1,1,1,1,0,0,0,0,0,0,0,0,1,1,1,1,0,1,1,1,0,1,1,1,0,0,0,0,0,0,0,0,0,0,0,0,'2010-09-20 22:52:18');
INSERT INTO `jh_ke` VALUES (56,1,100,0,0,0,0,0,0,0,0,0,0,0,0,0,0,0,0,0,0,0,0,0,0,0,0,0,0,0,0,0,0,0,0,0,0,0,0,0,0,0,0,0,0,0,0,0,0,0,0,0,0,0,0,0,0,0,0,0,0,0,0,0,0,0,0,0,0,0,0,0,0,0,0,0,0,0,0,0,0,0,0,0,0,0,0,'2010-09-21 00:07:46');
INSERT INTO `jh_ke` VALUES (57,1,232,0,0,1,1,0,1,1,0,0,1,1,0,1,1,0,0,0,1,1,1,0,1,1,0,1,1,0,0,0,1,1,0,0,1,1,1,1,1,0,0,0,0,0,0,0,0,0,0,0,0,1,1,0,1,1,1,1,0,0,0,0,0,0,0,0,0,0,0,0,0,0,0,0,0,0,0,0,0,0,0,0,0,0,0,'2010-09-21 10:44:56');
INSERT INTO `jh_ke` VALUES (58,1,210,1,1,1,1,0,1,1,1,1,1,1,0,1,1,1,1,0,1,1,0,0,1,1,0,1,1,1,1,0,1,1,1,1,0,0,0,0,0,1,1,0,1,1,0,0,1,1,0,1,1,1,1,0,1,1,0,0,0,0,0,0,0,0,0,0,0,0,0,0,0,0,0,0,0,0,0,0,0,0,0,0,0,0,0,'2010-09-21 18:21:24');
INSERT INTO `jh_ke` VALUES (59,1,205,1,1,1,1,0,1,1,0,0,1,1,0,1,1,1,1,1,1,1,1,1,1,1,0,1,1,1,1,0,1,1,0,0,0,0,0,1,1,1,0,0,0,0,0,0,0,0,0,1,1,1,1,0,1,1,0,0,1,1,1,0,0,0,0,0,0,0,0,0,0,0,0,0,0,0,0,0,0,0,0,0,0,0,0,'2010-09-21 18:49:37');
INSERT INTO `jh_ke` VALUES (60,1,245,0,0,1,1,0,1,1,0,0,0,0,0,1,1,1,1,0,1,1,0,0,0,0,0,0,0,0,0,0,1,1,0,0,0,0,0,1,1,0,0,0,1,1,0,0,0,0,0,1,1,1,1,1,1,1,1,1,1,1,0,0,0,0,0,0,0,0,0,0,0,0,0,0,0,0,0,0,0,0,0,0,0,0,0,'2010-09-21 21:47:08');
INSERT INTO `jh_ke` VALUES (61,1,206,1,1,1,1,0,1,1,0,0,1,1,1,1,1,1,1,1,1,1,1,1,1,1,1,1,1,1,1,0,1,1,0,0,0,0,0,1,1,1,0,0,1,1,0,0,0,0,0,1,1,1,1,0,1,1,0,0,1,1,1,0,0,0,0,0,0,0,0,0,0,0,0,0,0,0,0,0,0,0,0,0,0,0,0,'2010-09-22 16:41:20');
INSERT INTO `jh_ke` VALUES (62,1,207,0,0,1,1,0,1,1,0,0,1,1,0,1,1,1,1,0,1,1,0,0,1,1,0,1,1,1,1,0,1,1,0,0,1,1,0,0,0,1,1,0,1,1,1,1,1,1,0,1,1,0,0,0,1,1,1,1,0,0,0,0,0,0,0,0,0,0,0,0,0,0,0,0,0,0,0,0,0,0,0,0,0,0,0,'2010-09-23 22:53:45');
INSERT INTO `jh_ke` VALUES (63,2,79,1,1,1,1,0,1,1,1,1,1,1,1,1,1,1,1,0,1,1,1,1,0,0,0,0,0,0,0,0,1,1,0,0,0,0,0,1,1,1,1,0,1,1,0,0,0,0,0,0,0,0,0,0,1,1,1,1,0,0,0,0,0,0,0,0,0,0,0,0,0,0,0,0,0,0,0,0,0,0,0,0,0,0,0,'2010-09-23 22:54:04');
INSERT INTO `jh_ke` VALUES (64,2,53,1,1,1,1,0,1,1,1,1,1,1,0,1,1,1,1,0,1,1,0,0,1,1,1,1,1,1,1,1,1,1,1,1,1,1,0,1,1,1,1,0,1,1,0,0,1,1,0,1,1,1,1,1,1,1,1,1,1,1,0,0,0,1,1,0,0,0,0,0,0,0,0,0,0,0,0,0,0,0,0,0,0,0,0,'2010-09-23 23:48:40');
INSERT INTO `jh_ke` VALUES (65,1,56,1,1,0,0,0,1,1,1,1,1,1,0,1,1,1,1,0,1,1,1,1,1,1,0,1,1,1,1,0,1,1,0,0,1,1,0,1,1,1,1,0,1,1,1,1,1,1,0,0,0,1,1,0,1,1,0,0,1,1,0,0,0,0,0,0,0,0,0,0,0,0,0,0,0,0,0,0,0,0,0,0,0,0,0,'2010-09-24 14:25:56');
INSERT INTO `jh_ke` VALUES (66,1,221,0,0,1,1,0,0,0,0,0,0,0,0,0,0,1,1,0,0,0,1,1,1,1,0,0,0,1,1,0,1,1,0,0,0,0,0,1,1,0,0,0,0,0,1,1,0,0,0,1,1,1,1,0,1,1,0,0,0,0,0,0,0,0,0,0,0,0,0,0,0,0,0,0,0,0,0,0,0,0,0,0,0,0,0,'2010-09-24 23:19:06');
INSERT INTO `jh_ke` VALUES (67,1,238,0,0,0,0,0,1,1,0,0,0,0,0,0,0,0,0,0,1,1,0,0,0,0,0,0,0,1,1,0,1,1,0,0,0,0,0,1,1,1,1,0,0,0,0,0,0,0,0,1,1,0,0,0,1,1,0,0,1,1,1,0,0,0,0,0,0,0,0,0,0,0,0,0,0,0,0,0,0,0,0,0,0,0,0,'2010-09-26 16:31:49');
INSERT INTO `jh_ke` VALUES (68,1,219,0,0,1,1,0,1,1,1,1,0,0,0,1,1,1,1,0,0,0,0,0,1,1,0,0,0,1,1,0,1,1,0,0,1,1,1,1,1,1,1,0,1,1,0,0,1,1,1,0,1,1,1,0,1,1,0,0,0,0,0,0,0,0,0,0,0,0,0,0,0,0,0,0,0,0,0,0,0,0,0,0,0,0,0,'2010-09-26 20:53:10');
INSERT INTO `jh_ke` VALUES (69,1,185,1,1,1,1,0,1,1,1,1,0,0,0,1,1,1,1,0,1,1,0,0,0,0,0,1,1,1,0,0,1,1,0,0,0,0,0,1,1,1,1,0,1,1,0,0,1,1,0,1,1,1,1,0,0,0,0,0,1,1,0,0,0,0,0,0,0,0,0,0,0,0,0,0,0,0,0,0,0,0,0,0,0,0,0,'2010-09-26 21:06:44');
INSERT INTO `jh_ke` VALUES (70,1,188,0,0,1,1,0,1,1,1,1,0,0,0,1,1,1,1,0,1,1,0,0,0,0,0,1,1,1,1,0,1,1,0,0,0,0,0,0,0,1,1,0,1,1,0,0,1,1,0,1,1,1,0,0,1,1,0,0,1,1,0,0,0,0,0,0,0,0,0,0,0,0,0,0,0,0,0,0,0,0,0,0,0,0,0,'2010-09-26 21:17:32');
INSERT INTO `jh_ke` VALUES (71,1,264,1,1,1,1,0,0,0,1,1,0,0,0,0,0,1,1,0,0,0,1,1,1,1,0,1,1,1,1,0,0,0,0,0,1,1,0,0,0,0,0,0,0,0,0,0,0,0,0,0,0,1,1,0,0,0,0,0,1,1,0,0,0,0,0,0,0,0,0,0,0,0,0,0,0,0,0,0,0,0,0,0,0,0,0,'2010-09-26 22:15:49');
INSERT INTO `jh_ke` VALUES (72,1,39,0,0,1,1,0,0,0,1,1,0,0,0,0,0,1,1,0,1,1,0,0,0,0,0,1,1,1,1,0,1,1,0,0,1,1,1,1,1,1,1,0,1,1,0,0,1,1,1,1,1,1,1,0,0,0,0,0,0,0,0,0,0,0,0,0,0,0,0,0,0,0,0,0,0,0,0,0,0,0,0,0,0,0,0,'2010-09-26 22:22:57');
INSERT INTO `jh_ke` VALUES (73,1,281,1,1,1,0,0,0,0,1,1,1,1,0,1,1,1,1,0,1,1,0,0,0,0,0,0,0,1,1,0,1,1,1,1,1,1,0,0,0,1,1,0,1,1,1,1,1,1,0,0,1,1,1,0,0,0,0,0,1,1,0,0,0,0,0,0,0,0,0,0,0,0,0,0,0,0,0,0,0,0,0,0,0,0,0,'2010-09-26 23:10:23');
INSERT INTO `jh_ke` VALUES (74,1,35,1,1,1,1,0,1,1,1,1,1,1,0,1,1,0,0,0,1,1,0,0,1,1,0,1,1,1,1,0,1,1,0,0,1,1,1,1,1,1,1,0,1,1,0,0,1,1,1,1,1,1,1,0,1,1,0,0,0,0,0,0,0,0,0,0,0,0,0,0,0,0,0,0,0,0,0,0,0,0,0,0,0,0,0,'2010-09-26 23:43:54');
INSERT INTO `jh_ke` VALUES (75,1,271,0,0,1,1,0,1,1,0,0,0,0,0,1,1,0,0,0,1,1,0,0,0,0,0,0,0,1,1,1,1,1,1,0,1,1,0,1,1,0,0,0,0,0,0,0,1,1,0,1,1,1,0,0,0,0,0,0,0,0,0,0,0,0,0,0,0,0,0,0,0,0,0,0,0,0,0,0,0,0,0,0,0,0,0,'2010-09-27 00:41:06');
INSERT INTO `jh_ke` VALUES (76,1,155,1,1,1,0,0,1,1,0,0,0,1,1,0,0,0,0,0,0,0,0,0,0,0,0,0,0,0,0,0,0,0,0,0,0,1,1,1,1,0,0,0,1,1,0,0,0,0,0,1,1,0,0,0,1,1,0,0,1,1,1,0,0,0,0,0,0,0,0,0,0,0,0,0,0,0,0,0,0,0,0,0,0,0,0,'2010-09-27 09:55:31');
INSERT INTO `jh_ke` VALUES (77,1,289,1,1,1,1,0,0,0,1,1,1,1,1,0,0,0,0,0,1,1,1,1,1,1,1,1,1,1,1,0,1,1,1,1,0,0,0,0,0,1,1,0,1,1,0,0,0,0,0,1,1,0,0,0,0,0,0,0,1,1,0,0,0,0,0,0,0,0,0,0,0,0,0,0,0,0,0,0,0,0,0,0,0,0,0,'2010-09-27 10:09:33');
INSERT INTO `jh_ke` VALUES (78,2,296,1,1,1,1,0,1,1,1,1,0,0,0,1,1,1,1,0,1,1,1,1,0,0,0,0,0,1,0,0,1,1,0,0,0,0,0,1,1,1,1,0,0,0,0,0,1,1,0,0,0,1,1,0,1,1,0,0,0,0,0,0,0,0,0,0,0,0,0,0,0,0,0,0,0,0,0,0,0,0,0,0,0,0,0,'2010-09-27 10:20:44');
INSERT INTO `jh_ke` VALUES (79,1,286,0,1,1,1,0,1,1,1,1,1,1,0,1,1,1,1,0,1,1,0,0,1,1,0,1,1,1,1,0,1,1,0,0,0,0,0,0,0,1,1,0,1,1,1,1,1,1,0,1,1,1,1,0,1,1,0,0,0,0,0,0,0,0,0,0,0,0,0,0,0,0,0,0,0,0,0,0,0,0,0,0,0,0,0,'2010-09-27 10:44:25');
INSERT INTO `jh_ke` VALUES (80,1,65,1,1,1,1,1,0,0,0,0,0,0,0,1,1,1,1,1,1,1,1,1,0,0,0,1,1,1,1,1,0,0,0,0,0,0,0,1,1,1,1,1,1,1,1,1,0,0,0,1,1,1,1,1,1,1,1,1,0,0,0,1,1,1,1,1,1,1,1,1,0,0,0,0,0,0,0,0,0,0,0,0,0,0,0,'2010-09-27 10:56:44');
INSERT INTO `jh_ke` VALUES (81,1,268,1,1,0,0,0,1,1,1,1,0,0,0,0,0,0,0,0,1,1,0,0,1,1,1,0,0,1,1,0,0,0,0,0,0,0,0,1,1,1,1,0,1,1,1,1,1,1,1,0,0,0,0,0,1,1,1,1,0,0,0,0,0,0,0,0,1,1,1,1,0,0,0,0,0,0,0,0,0,0,0,0,0,0,0,'2010-09-27 10:59:24');
INSERT INTO `jh_ke` VALUES (82,1,266,1,1,0,0,0,1,1,1,1,0,0,0,1,1,1,1,0,1,1,0,0,1,1,1,1,1,1,1,0,1,1,0,0,0,0,0,1,1,1,1,0,1,1,0,0,1,1,1,0,1,1,1,0,0,0,0,0,0,0,0,0,0,0,0,0,0,0,0,0,0,0,0,0,0,0,0,0,0,0,0,0,0,0,0,'2010-09-27 11:05:01');
INSERT INTO `jh_ke` VALUES (83,1,269,1,1,0,0,0,1,1,0,0,1,1,0,1,1,0,0,0,1,1,0,0,0,0,0,0,0,1,1,0,1,1,0,0,1,1,0,1,1,0,0,0,0,0,0,0,0,0,0,1,1,1,1,0,1,1,1,0,1,1,1,0,0,0,0,0,0,0,0,0,0,0,0,0,0,0,0,0,0,0,0,0,0,0,0,'2010-09-27 11:06:21');
INSERT INTO `jh_ke` VALUES (84,2,37,1,1,1,0,0,0,0,1,1,0,0,0,1,1,1,0,0,1,1,1,1,0,0,0,1,1,1,1,0,0,0,0,0,1,1,1,0,0,1,1,0,1,1,0,0,1,1,1,1,1,1,1,0,1,1,1,1,1,1,1,1,1,1,1,0,0,0,0,0,0,0,0,0,0,0,0,0,0,0,0,0,0,0,0,'2010-09-27 11:42:35');
INSERT INTO `jh_ke` VALUES (85,1,299,1,1,1,0,0,1,1,0,0,1,1,0,1,1,1,1,0,1,1,0,0,1,1,0,1,1,1,1,0,1,1,1,1,0,0,0,1,1,1,1,0,1,1,0,0,0,0,0,0,0,1,1,0,1,1,0,0,1,1,0,0,0,0,0,0,0,0,0,0,0,0,0,1,1,1,0,0,1,1,1,0,0,0,0,'2010-09-27 11:42:53');
INSERT INTO `jh_ke` VALUES (86,1,284,1,1,1,1,0,0,0,0,0,1,1,0,1,1,1,1,0,1,1,0,0,0,0,0,1,1,1,1,0,1,1,1,1,0,0,0,0,0,0,0,0,0,0,0,0,0,0,0,0,0,1,1,0,1,1,0,0,0,0,0,0,0,0,0,0,0,0,0,0,0,0,0,0,0,0,0,0,0,0,0,0,0,0,0,'2010-09-27 11:44:05');
INSERT INTO `jh_ke` VALUES (87,1,300,0,0,1,1,0,1,1,0,0,1,1,0,1,1,1,1,0,1,1,1,1,1,1,0,1,1,1,1,0,1,1,1,0,1,1,0,0,0,1,1,0,1,1,1,1,0,0,0,1,1,1,1,0,1,1,0,0,1,1,0,0,0,0,0,0,0,0,0,0,0,0,0,0,0,0,0,0,0,0,0,0,0,0,0,'2010-09-27 11:54:22');
INSERT INTO `jh_ke` VALUES (88,1,301,1,1,1,1,0,1,1,0,0,0,0,0,0,0,1,1,0,1,1,0,0,1,1,0,1,1,1,1,0,1,1,0,0,1,1,0,0,0,1,1,0,1,1,1,1,1,1,0,1,1,1,1,0,0,0,0,0,1,1,0,0,0,0,0,0,0,0,0,0,0,0,0,0,0,0,0,0,0,0,0,0,0,0,0,'2010-09-27 12:01:23');
INSERT INTO `jh_ke` VALUES (89,1,298,0,0,1,1,0,1,1,0,0,1,1,0,1,1,1,0,0,1,1,0,0,0,0,0,0,0,0,0,0,1,1,1,0,0,0,0,0,0,0,0,0,0,0,0,0,1,1,0,1,1,0,0,0,1,1,0,0,0,0,0,0,0,0,0,0,0,0,0,0,0,0,0,0,0,0,0,0,0,0,0,0,0,0,0,'2010-09-27 12:05:58');
INSERT INTO `jh_ke` VALUES (90,1,308,0,0,0,0,0,1,1,0,0,0,0,0,0,0,0,0,0,1,1,0,0,0,0,0,0,0,1,1,0,0,0,0,0,0,0,0,1,1,0,0,0,0,0,0,0,0,0,0,0,0,0,0,0,0,0,0,0,0,0,0,0,0,0,0,0,0,0,0,0,0,0,0,0,0,0,0,0,0,0,0,0,0,0,0,'2010-09-27 12:20:59');
INSERT INTO `jh_ke` VALUES (91,1,173,0,0,1,1,0,1,1,0,0,0,0,0,0,0,1,1,0,0,0,0,0,1,1,0,0,0,0,0,0,1,1,0,0,0,0,0,1,1,1,1,0,1,1,0,0,1,1,0,1,1,0,0,0,0,0,0,0,0,0,0,0,0,0,0,0,0,0,0,0,0,0,0,0,0,0,0,0,0,0,0,0,0,0,0,'2010-09-27 12:21:18');
INSERT INTO `jh_ke` VALUES (92,1,287,0,0,1,1,0,1,1,1,1,1,1,0,1,1,1,1,0,0,0,0,0,1,1,0,1,1,0,0,0,1,1,0,0,1,1,1,0,0,1,1,0,1,1,0,0,1,1,0,0,1,1,0,0,0,0,0,0,0,0,0,1,1,0,0,0,0,0,0,0,0,0,0,0,0,0,0,0,0,0,0,0,0,0,0,'2010-09-27 12:33:03');
INSERT INTO `jh_ke` VALUES (93,1,283,1,1,1,1,0,1,1,1,1,0,0,0,0,0,1,1,0,1,1,0,0,0,0,0,1,1,1,1,0,1,1,0,0,1,1,0,0,0,1,1,0,1,1,1,0,0,0,0,1,1,1,1,0,1,1,0,0,0,0,0,0,0,0,0,0,0,0,0,0,0,0,0,0,0,0,0,0,0,0,0,0,0,0,0,'2010-09-27 12:38:35');
INSERT INTO `jh_ke` VALUES (94,1,293,1,1,1,1,0,1,1,1,1,1,1,0,1,1,1,1,0,1,1,0,0,1,1,0,1,1,1,1,0,0,0,0,0,1,1,1,1,1,1,1,0,0,0,0,0,1,1,0,1,1,1,1,0,1,1,0,0,0,0,0,0,0,0,0,0,0,0,0,0,0,0,0,0,0,0,0,0,0,0,0,0,0,0,0,'2010-09-27 12:39:48');
INSERT INTO `jh_ke` VALUES (95,1,282,1,1,0,0,0,1,1,0,0,1,1,0,0,0,0,0,0,1,1,0,0,1,1,1,1,1,1,1,0,1,1,0,0,0,0,0,1,1,0,0,0,1,1,1,1,0,0,0,0,0,1,1,0,0,0,0,0,0,0,0,0,0,0,0,0,0,0,0,0,0,0,0,0,0,0,0,0,0,0,0,0,0,0,0,'2010-09-27 12:44:10');
INSERT INTO `jh_ke` VALUES (96,1,237,1,1,1,1,0,0,0,0,0,1,1,0,1,1,1,1,0,0,0,0,0,1,1,0,0,0,0,0,0,1,1,0,0,1,1,0,0,0,1,1,0,1,1,0,0,0,0,0,1,1,1,1,0,1,1,0,0,0,0,0,0,0,0,0,0,0,0,0,0,0,0,0,0,0,0,0,0,0,0,0,0,0,0,0,'2010-09-27 12:47:03');
INSERT INTO `jh_ke` VALUES (97,1,259,1,1,1,1,0,0,0,0,0,1,1,0,0,0,0,0,0,1,1,1,1,1,1,0,1,1,1,1,0,1,1,1,0,0,0,0,1,1,0,0,0,1,1,1,1,0,0,0,1,1,1,1,0,1,1,0,0,0,0,0,0,0,0,0,0,0,0,0,0,0,0,0,0,0,0,0,0,0,0,0,0,0,0,0,'2010-09-27 12:47:46');
INSERT INTO `jh_ke` VALUES (98,1,310,1,1,1,1,0,1,1,0,0,0,0,0,1,1,0,0,0,1,1,1,0,0,0,0,1,1,1,1,0,1,1,1,0,0,0,0,0,0,0,0,0,0,0,0,0,1,1,0,1,1,1,1,0,0,0,0,0,1,1,1,0,0,0,0,0,0,0,0,0,0,0,0,0,0,0,0,0,0,0,0,0,0,0,0,'2010-09-27 13:03:55');
INSERT INTO `jh_ke` VALUES (99,1,302,1,1,1,1,0,1,1,0,0,1,1,0,1,1,1,1,0,1,1,1,1,1,1,0,1,1,1,1,0,1,1,1,1,0,0,0,1,1,1,0,0,0,0,0,0,1,1,1,0,0,1,1,0,1,1,0,0,0,0,0,0,0,0,0,0,0,0,0,0,0,0,0,0,0,0,0,0,0,0,0,0,0,0,0,'2010-09-27 13:12:45');
INSERT INTO `jh_ke` VALUES (100,1,292,0,0,1,1,0,1,1,1,0,0,0,0,0,0,1,1,0,1,1,0,0,0,0,0,1,1,1,1,0,1,1,1,0,0,0,0,1,1,0,0,1,1,1,1,0,1,1,0,0,0,1,1,0,1,1,0,0,1,1,0,0,0,0,0,0,0,0,0,0,0,0,0,0,0,0,0,0,0,0,0,0,0,0,0,'2010-09-27 13:45:35');
INSERT INTO `jh_ke` VALUES (101,1,252,1,1,1,1,0,1,1,1,1,0,0,0,0,0,1,1,0,0,0,0,0,0,0,0,0,0,1,1,0,1,1,1,1,0,0,0,0,0,1,1,0,0,0,0,0,1,1,0,0,0,1,1,0,0,0,0,0,0,0,0,0,0,0,0,0,0,0,0,0,0,0,0,0,0,0,0,0,0,0,0,0,0,0,0,'2010-09-27 15:29:44');
INSERT INTO `jh_ke` VALUES (102,1,251,0,0,0,0,0,1,1,1,1,0,0,0,1,1,1,1,0,1,1,0,0,1,1,0,0,0,1,1,0,1,1,0,0,0,0,0,0,0,1,1,0,0,0,0,0,1,1,0,1,1,1,1,0,0,0,0,0,0,0,0,0,0,0,0,0,0,0,0,0,0,0,0,0,0,0,0,0,0,0,0,0,0,0,0,'2010-09-27 15:30:51');
INSERT INTO `jh_ke` VALUES (103,1,249,1,1,1,0,0,1,1,1,1,1,1,0,1,1,1,1,0,1,1,1,1,0,0,0,0,0,1,1,0,1,1,1,1,1,1,0,1,1,0,0,0,1,1,1,1,0,0,0,0,1,1,1,0,0,0,0,0,1,1,0,0,0,0,0,0,0,0,0,0,0,0,0,0,0,0,0,0,0,0,0,0,0,0,0,'2010-09-27 15:31:29');
INSERT INTO `jh_ke` VALUES (104,1,250,1,1,1,1,0,1,1,1,1,0,0,0,1,1,0,0,0,1,1,0,0,0,0,0,0,0,1,1,0,1,1,0,0,0,0,0,1,1,1,1,0,0,0,0,0,1,1,0,0,0,1,1,0,1,1,0,0,0,0,0,0,0,0,0,0,0,0,0,0,0,0,0,0,0,0,0,0,0,0,0,0,0,0,0,'2010-09-27 15:32:29');
INSERT INTO `jh_ke` VALUES (105,1,147,0,0,0,0,0,0,0,0,0,1,1,1,0,0,0,0,0,1,1,0,0,1,1,1,1,1,1,1,1,1,1,1,1,1,1,1,0,0,1,1,0,1,1,1,1,0,0,0,1,1,1,1,0,1,1,0,0,1,1,1,1,1,1,1,0,1,1,1,0,1,1,0,1,1,1,0,0,1,1,1,0,1,1,0,'2010-09-27 15:41:02');
INSERT INTO `jh_ke` VALUES (106,1,7,0,0,1,1,0,1,1,0,0,0,0,0,1,1,1,1,0,1,1,0,0,0,0,0,1,1,0,0,0,1,1,0,0,0,0,0,1,1,1,1,0,1,1,0,0,1,1,0,0,0,1,1,0,0,0,1,1,0,0,0,0,0,0,0,0,0,0,0,0,0,0,0,0,0,0,0,0,0,0,0,0,0,0,0,'2010-09-27 15:51:05');
INSERT INTO `jh_ke` VALUES (107,1,288,1,1,1,1,0,0,0,1,1,1,1,1,1,1,1,1,0,1,0,0,0,1,1,1,1,1,1,1,0,1,1,1,1,0,0,0,0,0,0,0,0,1,1,0,0,1,1,0,1,1,0,0,0,0,0,0,0,0,0,0,0,0,0,0,0,0,0,0,0,1,1,0,0,0,0,0,0,0,0,0,0,0,0,0,'2010-09-27 16:56:00');
INSERT INTO `jh_ke` VALUES (108,1,291,1,1,1,1,0,1,1,1,1,1,1,1,1,1,1,1,0,0,0,0,0,1,1,1,1,1,0,0,0,1,1,1,1,0,0,0,1,1,1,1,0,0,0,0,0,0,0,0,0,0,0,0,0,1,1,0,0,1,1,0,0,0,0,0,0,0,0,0,0,0,0,0,0,0,0,0,0,0,0,0,0,0,0,0,'2010-09-27 16:58:38');
INSERT INTO `jh_ke` VALUES (109,1,303,1,1,0,0,0,1,1,0,0,0,0,0,1,1,1,1,0,1,1,0,0,0,1,1,1,1,1,1,0,1,1,0,0,0,1,1,1,1,1,1,0,1,1,1,1,0,1,1,1,1,1,1,0,1,1,0,0,0,1,1,0,0,0,0,0,0,0,0,0,0,0,0,0,0,0,0,0,0,0,0,0,0,0,0,'2010-09-27 17:11:54');
INSERT INTO `jh_ke` VALUES (110,1,43,1,1,1,1,0,1,1,0,0,0,0,0,1,1,1,1,0,1,1,0,0,0,0,0,0,0,1,1,0,1,1,0,0,0,0,0,0,0,1,1,0,1,1,0,0,0,0,0,1,1,0,0,0,1,1,0,0,0,0,0,0,0,0,0,0,0,0,0,0,0,0,0,0,0,0,0,0,0,0,0,0,0,0,0,'2010-09-27 17:20:51');
INSERT INTO `jh_ke` VALUES (111,1,36,1,1,1,1,0,1,1,0,0,0,0,0,1,1,0,0,0,1,1,0,0,0,0,0,0,0,0,0,0,0,0,0,0,1,1,0,0,0,0,0,0,1,1,1,1,0,0,0,1,1,1,1,0,0,0,0,0,0,0,0,0,0,0,0,0,0,0,0,0,0,0,0,0,0,0,0,0,0,0,0,0,0,0,0,'2010-09-27 17:47:22');
INSERT INTO `jh_ke` VALUES (112,1,3,1,1,0,0,0,1,1,1,1,1,1,0,1,1,1,1,0,1,1,1,1,0,0,0,1,1,1,1,0,1,1,1,1,1,1,0,1,1,1,1,0,1,1,1,1,0,0,0,0,0,1,1,0,1,1,1,1,0,0,0,0,0,0,0,0,0,0,0,0,0,0,0,0,0,0,0,0,0,0,0,0,0,0,0,'2010-09-27 17:50:34');
INSERT INTO `jh_ke` VALUES (113,1,280,1,1,0,0,0,1,1,0,0,1,1,0,1,1,1,1,0,1,1,0,0,1,1,1,1,1,1,1,0,1,1,0,0,1,1,0,1,1,1,1,0,1,1,0,0,1,1,1,0,0,1,1,0,1,1,1,1,0,0,0,0,0,0,0,0,0,0,0,0,0,0,0,0,0,0,0,0,0,0,0,0,0,0,0,'2010-09-27 17:56:58');
INSERT INTO `jh_ke` VALUES (114,1,261,1,1,1,1,0,1,1,1,1,1,1,0,1,1,0,0,0,1,1,1,1,1,1,1,1,1,1,1,0,1,1,1,0,0,0,0,1,1,1,1,0,1,1,0,0,1,1,0,0,0,1,1,0,1,1,0,0,1,1,0,0,0,0,0,0,0,0,0,0,0,0,0,0,0,0,0,0,0,0,0,0,0,0,0,'2010-09-27 18:03:35');
INSERT INTO `jh_ke` VALUES (115,1,307,1,1,0,0,0,0,0,0,0,1,1,0,1,1,1,1,0,0,0,1,1,1,1,1,0,0,1,1,0,1,1,0,0,0,0,0,0,0,1,1,0,0,0,0,0,1,1,0,1,1,1,1,0,1,1,0,0,0,0,0,0,0,0,0,0,0,0,0,0,0,0,0,0,0,0,0,0,0,0,0,0,0,0,0,'2010-09-27 18:06:13');
INSERT INTO `jh_ke` VALUES (116,1,258,0,0,1,1,0,1,1,0,0,1,1,1,1,1,1,1,0,0,0,0,0,1,1,0,0,0,1,1,0,1,1,0,0,0,0,0,1,1,0,0,0,1,1,0,0,0,0,0,1,1,0,0,0,1,1,1,0,0,0,0,0,0,0,0,0,0,0,0,0,0,0,0,0,0,0,0,0,0,0,0,0,0,0,0,'2010-09-27 18:11:11');
INSERT INTO `jh_ke` VALUES (117,1,256,1,1,1,1,0,1,1,0,0,0,0,0,1,1,1,1,0,1,1,0,0,1,1,1,0,0,1,1,0,1,1,0,0,1,1,0,0,0,0,0,0,1,1,0,0,0,0,0,0,0,1,1,0,1,1,0,0,0,0,0,0,0,0,0,0,0,0,0,0,0,0,0,0,0,0,0,0,0,0,0,0,0,0,0,'2010-09-27 18:13:44');
INSERT INTO `jh_ke` VALUES (118,1,255,1,1,0,0,0,1,1,0,0,1,1,0,0,0,0,0,0,1,1,0,0,1,1,1,1,1,1,1,0,1,1,0,0,0,0,0,1,1,0,0,0,1,1,0,0,0,0,0,0,0,1,1,0,1,1,0,0,0,0,0,0,0,0,0,0,0,0,0,0,0,0,0,0,0,0,0,0,0,0,0,0,0,0,0,'2010-09-27 18:16:08');
INSERT INTO `jh_ke` VALUES (119,1,273,0,0,0,0,0,1,1,0,0,0,0,0,1,1,1,1,0,1,1,0,0,0,0,0,1,1,0,0,0,1,1,0,0,0,0,0,0,0,0,0,0,1,1,0,0,1,1,0,1,1,1,1,0,1,1,1,1,0,0,0,0,0,0,0,0,0,0,0,0,0,0,0,0,0,0,0,0,0,0,0,0,0,0,0,'2010-09-27 18:18:02');
INSERT INTO `jh_ke` VALUES (120,2,254,1,1,1,1,0,1,1,1,0,0,0,0,0,0,1,1,0,1,1,1,1,1,1,1,0,0,1,1,0,1,1,1,1,1,1,1,1,1,1,1,0,1,1,1,1,1,1,1,1,1,1,1,0,1,1,0,0,0,0,0,0,0,0,0,0,0,0,0,0,0,0,0,0,0,0,0,0,0,0,0,0,0,0,0,'2010-09-27 18:18:21');
INSERT INTO `jh_ke` VALUES (121,1,48,1,1,1,1,0,1,1,1,0,0,0,0,1,1,1,1,0,0,0,0,0,1,1,1,0,0,1,1,0,1,1,0,0,1,1,1,0,0,0,0,0,1,1,0,0,1,1,0,1,1,1,1,0,1,1,1,0,1,1,0,0,0,0,0,0,0,0,0,0,0,0,0,0,0,0,0,0,0,0,0,0,0,0,0,'2010-09-27 18:20:36');
INSERT INTO `jh_ke` VALUES (123,1,218,0,0,1,1,0,1,1,0,0,0,0,0,0,0,1,1,0,1,1,0,0,0,0,0,1,1,0,0,0,1,1,1,1,1,1,0,0,0,1,1,0,0,0,1,1,1,1,0,1,1,0,0,0,1,1,1,1,0,0,0,0,0,0,0,0,0,0,0,0,0,0,0,0,0,0,0,0,0,0,0,0,0,0,0,'2010-09-27 19:59:54');
INSERT INTO `jh_ke` VALUES (124,1,211,1,1,1,1,0,1,1,1,1,1,1,0,1,1,1,1,0,0,0,1,1,1,1,1,1,1,1,1,0,1,1,0,0,1,1,0,1,1,1,1,0,1,1,0,0,1,1,0,1,1,1,1,0,1,1,1,1,0,0,0,0,0,0,0,0,0,0,0,0,0,0,0,0,0,0,0,0,0,0,0,0,0,0,0,'2010-09-27 20:01:27');
INSERT INTO `jh_ke` VALUES (125,1,270,0,0,1,1,0,1,1,0,0,0,0,0,0,0,1,1,0,1,1,0,0,1,1,0,1,1,1,1,0,1,1,0,0,1,1,0,0,0,0,0,0,1,1,0,0,0,0,0,1,1,1,1,0,1,1,0,0,0,0,0,0,0,0,0,0,0,0,0,0,0,0,0,0,0,0,0,0,0,0,0,0,0,0,0,'2010-09-27 20:08:07');
INSERT INTO `jh_ke` VALUES (126,1,260,1,1,1,1,0,0,0,0,0,0,0,0,1,1,1,1,0,1,1,0,0,1,1,1,0,0,1,1,0,0,0,0,0,1,1,0,1,1,0,0,0,1,1,0,0,0,0,0,1,1,0,0,0,1,1,0,0,0,0,0,0,0,0,0,0,0,0,0,0,0,0,0,0,0,0,0,0,0,0,0,0,0,0,0,'2010-09-27 20:44:30');
INSERT INTO `jh_ke` VALUES (127,1,38,1,1,1,1,0,1,1,1,1,0,0,0,0,0,0,0,0,1,1,1,1,1,1,1,1,1,1,1,0,1,1,0,0,0,0,0,1,1,1,1,0,1,1,1,1,1,1,1,0,0,1,1,0,1,1,1,1,0,0,0,0,0,0,0,0,0,0,0,0,0,0,0,0,0,0,0,0,0,0,0,0,0,0,0,'2010-09-27 21:09:42');
INSERT INTO `jh_ke` VALUES (128,1,228,0,0,1,1,0,1,1,0,0,1,1,0,1,1,0,0,0,1,1,0,0,0,0,0,0,0,1,1,0,1,1,0,0,1,1,0,1,1,1,1,0,0,0,0,0,0,0,0,0,0,0,0,0,0,0,0,0,1,1,0,0,0,0,0,0,0,0,0,0,0,0,0,0,0,0,0,0,0,0,0,0,0,0,0,'2010-09-27 21:23:38');
INSERT INTO `jh_ke` VALUES (129,1,313,1,1,1,1,0,1,1,1,1,0,0,0,1,1,1,1,0,1,1,1,1,0,0,0,0,0,1,1,0,1,1,1,1,0,0,0,0,0,0,0,0,1,1,1,1,1,1,0,1,1,1,1,0,1,1,1,1,0,0,0,1,1,1,1,0,1,1,1,1,0,0,0,0,0,0,0,0,0,0,0,0,0,0,0,'2010-09-27 21:29:00');
INSERT INTO `jh_ke` VALUES (130,1,14,1,1,1,1,0,0,0,0,0,1,1,0,1,1,0,0,0,1,1,0,0,1,1,0,1,1,1,0,0,0,0,0,0,0,0,0,1,1,0,0,0,0,0,0,0,0,0,0,1,1,1,0,0,0,0,0,0,0,0,0,0,0,0,0,0,0,0,0,0,0,0,0,0,0,0,0,0,0,0,0,0,0,0,0,'2010-09-27 21:45:14');
INSERT INTO `jh_ke` VALUES (131,1,297,1,1,1,1,0,1,1,1,1,1,1,0,1,1,1,1,0,1,1,1,1,1,1,1,0,0,1,1,0,0,0,1,1,1,1,0,1,1,1,1,0,0,0,0,0,1,1,0,1,1,1,1,0,0,0,0,0,0,0,0,0,0,0,0,0,0,0,0,0,0,0,0,0,0,0,0,0,0,0,0,0,0,0,0,'2010-09-27 21:51:35');
INSERT INTO `jh_ke` VALUES (132,1,64,1,1,1,1,0,0,0,0,0,0,0,0,1,1,1,1,0,0,0,0,0,0,0,0,0,0,0,0,0,0,0,0,0,0,0,0,1,1,1,1,0,0,0,0,0,0,0,0,1,1,1,1,0,0,0,0,0,0,0,0,0,0,0,0,0,0,0,0,0,0,0,0,0,0,0,0,0,0,0,0,0,0,0,0,'2010-09-27 22:11:32');
INSERT INTO `jh_ke` VALUES (133,1,267,1,1,0,0,0,1,1,1,1,0,0,0,0,0,0,0,0,1,1,0,0,1,1,1,0,0,1,1,0,0,0,0,0,0,0,0,1,1,1,1,0,1,1,1,1,0,0,0,0,0,0,0,0,1,1,1,1,0,0,0,0,0,0,0,0,1,1,1,1,0,0,0,0,0,0,0,0,0,0,0,0,0,0,0,'2010-09-27 22:18:57');
INSERT INTO `jh_ke` VALUES (134,1,197,1,1,1,1,0,1,1,0,0,1,1,0,1,1,1,1,0,0,0,0,0,0,0,0,1,1,1,1,0,0,0,1,1,1,1,0,1,1,1,1,0,1,1,1,1,1,1,0,1,1,1,1,0,1,1,0,0,1,1,0,0,0,0,0,0,0,0,0,0,0,0,0,0,0,0,0,0,0,0,0,0,0,0,0,'2010-09-27 22:48:08');
INSERT INTO `jh_ke` VALUES (135,1,208,1,1,1,1,1,1,1,0,0,0,0,0,1,1,1,1,1,1,1,1,1,1,1,0,1,1,1,1,0,1,1,0,1,1,1,0,1,1,1,0,0,0,0,0,0,1,1,0,1,1,1,1,0,0,0,0,0,1,1,0,0,0,0,0,0,0,0,0,0,0,0,0,0,0,0,0,0,0,0,0,0,0,0,0,'2010-09-27 22:49:39');
INSERT INTO `jh_ke` VALUES (136,1,235,1,1,0,0,0,1,1,0,0,1,1,1,1,1,0,0,0,1,1,0,0,0,0,0,0,0,1,1,0,1,1,0,0,0,0,0,1,1,1,1,0,0,0,0,0,0,0,0,1,1,0,0,0,0,0,0,0,0,0,0,0,0,0,0,0,0,0,0,0,0,0,0,0,0,0,0,0,0,0,0,0,0,0,0,'2010-09-28 15:10:14');
INSERT INTO `jh_ke` VALUES (137,1,5,1,1,1,1,0,1,1,1,1,0,0,0,0,0,1,1,0,1,1,0,0,1,1,0,1,1,0,0,0,0,0,0,0,1,1,1,1,1,1,1,0,0,0,0,0,1,1,0,1,1,1,1,0,1,1,0,0,0,0,0,1,1,0,0,0,0,0,0,0,0,0,0,0,0,0,0,0,0,0,0,0,0,0,0,'2010-09-28 17:44:01');
INSERT INTO `jh_ke` VALUES (138,1,304,1,1,1,1,0,1,1,0,0,1,1,0,1,1,1,1,0,1,1,1,1,1,1,1,1,1,1,1,0,1,1,0,0,1,1,1,1,1,1,1,0,0,0,0,0,0,0,0,1,1,0,0,0,1,1,0,0,1,1,0,0,0,0,0,0,0,0,0,0,0,0,0,0,0,0,0,0,0,0,0,0,0,0,0,'2010-09-28 17:44:42');
INSERT INTO `jh_ke` VALUES (139,1,12,0,1,1,1,0,1,1,0,0,1,1,0,0,0,1,1,0,1,1,1,1,0,0,0,1,1,1,0,0,1,1,0,0,0,0,0,0,0,1,1,0,1,1,1,1,1,1,1,1,1,0,0,0,1,1,1,1,1,1,0,0,0,0,0,0,0,0,0,0,0,0,0,0,0,0,0,0,0,0,0,0,0,0,0,'2010-09-28 21:47:41');
INSERT INTO `jh_ke` VALUES (140,1,13,0,1,1,1,0,1,1,0,0,1,1,0,0,0,1,1,0,1,1,1,1,0,0,0,1,1,1,0,0,1,1,0,0,0,0,0,0,0,1,1,0,1,1,1,1,1,1,1,1,1,0,0,0,1,1,1,1,1,1,0,0,0,0,0,0,0,0,0,0,0,0,0,0,0,0,0,0,0,0,0,0,0,0,0,'2010-09-28 21:50:10');
INSERT INTO `jh_ke` VALUES (141,1,215,1,1,1,1,0,0,0,1,1,0,0,0,1,1,1,1,0,1,1,1,0,0,0,0,0,0,1,1,0,1,1,1,0,0,0,0,1,1,1,1,0,1,1,1,1,1,1,1,1,1,1,0,0,0,0,0,0,0,0,0,0,0,0,0,0,0,0,0,0,0,0,0,0,0,0,0,0,0,0,0,0,0,0,0,'2010-09-28 22:25:12');
INSERT INTO `jh_ke` VALUES (142,1,151,1,1,0,0,0,1,1,0,0,1,1,0,0,0,1,1,0,1,1,0,0,1,1,0,1,1,1,1,0,1,1,1,1,0,0,0,1,1,1,1,0,1,1,0,0,1,1,0,0,1,1,1,0,1,1,0,0,0,0,0,0,0,0,0,0,0,0,0,0,0,0,0,0,0,0,0,0,0,0,0,0,0,0,0,'2010-09-28 23:03:10');
INSERT INTO `jh_ke` VALUES (143,1,8,1,1,1,1,0,1,1,1,1,1,1,1,1,1,1,1,0,1,1,0,0,1,1,1,1,1,1,1,0,1,1,1,1,0,0,0,1,1,1,1,0,1,1,1,1,1,1,1,1,1,0,0,0,1,1,1,1,1,1,1,0,0,0,0,0,0,0,0,0,0,0,0,0,0,0,0,0,0,0,0,0,0,0,0,'2010-09-28 23:19:32');
INSERT INTO `jh_ke` VALUES (144,1,306,0,0,1,1,0,1,1,1,1,0,0,0,1,1,0,0,0,1,1,1,1,1,1,1,1,1,1,1,1,1,1,1,1,0,0,0,0,0,1,1,0,1,1,0,0,0,0,0,1,1,1,1,0,1,1,0,0,1,1,0,0,0,0,0,0,0,0,0,0,0,0,0,0,0,0,0,0,0,0,0,0,0,0,0,'2010-09-28 23:59:55');
INSERT INTO `jh_ke` VALUES (145,1,305,1,1,0,0,0,0,0,0,0,1,1,0,1,1,1,1,0,1,1,0,0,1,1,0,1,1,1,1,0,1,1,1,0,1,1,0,1,1,1,1,0,1,1,1,1,1,1,0,1,1,1,1,0,1,1,0,0,1,1,0,0,0,0,0,0,0,0,0,0,0,0,0,0,0,0,0,0,0,0,0,0,0,0,0,'2010-09-29 00:09:07');
INSERT INTO `jh_ke` VALUES (146,1,150,1,1,1,1,0,0,0,1,1,0,0,0,1,1,1,1,0,1,1,1,1,1,1,0,0,0,0,0,0,1,1,1,0,1,1,0,1,1,1,1,0,1,1,1,1,1,1,0,1,1,1,1,0,1,1,1,0,0,0,0,0,0,0,0,0,0,0,0,0,0,0,0,0,0,0,0,0,0,0,0,0,0,0,0,'2010-09-29 00:10:14');
INSERT INTO `jh_ke` VALUES (147,1,59,1,1,1,0,0,0,0,1,1,1,1,0,1,1,1,1,0,1,1,1,1,0,0,0,1,1,1,1,0,1,1,0,0,0,0,0,1,1,0,0,0,1,1,1,1,1,1,1,0,1,1,1,0,0,0,0,0,1,1,0,1,1,1,0,0,0,0,0,0,0,0,0,0,0,0,0,0,0,0,0,0,0,0,0,'2010-09-29 16:41:24');
INSERT INTO `jh_ke` VALUES (148,1,236,0,0,1,1,0,1,1,0,0,1,1,1,0,0,1,1,0,1,1,0,0,1,1,0,0,0,1,1,0,1,1,1,0,0,0,0,1,1,0,0,0,1,1,0,0,1,1,0,1,1,0,0,0,1,1,1,0,0,0,0,0,0,0,0,0,0,0,0,0,0,0,0,0,0,0,0,0,0,0,0,0,0,0,0,'2010-09-30 10:12:18');
INSERT INTO `jh_ke` VALUES (149,1,231,0,0,0,0,0,1,1,0,0,1,1,0,1,1,0,0,0,1,1,1,0,1,1,0,1,1,1,1,0,1,1,0,0,1,1,1,0,0,1,1,0,0,0,0,0,0,0,0,0,0,1,1,0,1,1,1,1,0,0,0,0,0,0,0,0,0,0,0,0,0,0,0,0,0,0,0,0,0,0,0,0,0,0,0,'2010-10-07 21:55:34');
INSERT INTO `jh_ke` VALUES (150,1,139,1,1,1,0,0,0,0,0,0,1,1,0,0,0,0,0,0,0,0,0,0,0,0,0,0,0,0,0,0,0,0,0,0,0,0,0,1,1,1,1,1,1,1,1,1,1,1,1,1,1,1,1,1,1,1,1,1,1,1,1,1,1,1,0,0,0,0,0,0,0,0,0,0,0,0,0,0,0,0,0,0,0,0,0,'2010-10-18 20:29:47');
INSERT INTO `jh_ke` VALUES (151,1,316,0,0,1,1,0,0,0,1,1,1,1,0,1,1,1,1,0,1,1,0,0,1,1,0,1,1,0,0,0,1,1,0,0,0,0,0,0,0,1,1,0,1,1,0,0,1,1,0,0,0,1,1,0,1,1,0,0,0,0,0,0,0,0,0,0,0,0,0,0,0,0,0,0,0,0,0,0,0,0,0,0,0,0,0,'2010-11-02 21:33:07');
INSERT INTO `jh_ke` VALUES (152,1,317,1,1,1,1,0,0,0,1,1,1,1,0,1,1,0,0,0,1,1,0,0,0,0,0,1,1,1,1,0,1,1,0,0,0,0,0,0,0,1,1,0,1,1,1,0,1,1,0,0,0,1,1,0,1,1,0,0,0,0,0,0,0,0,0,0,0,0,0,0,0,0,0,0,0,0,0,0,0,0,0,0,0,0,0,'2010-11-02 21:34:11');
INSERT INTO `jh_ke` VALUES (153,1,319,0,0,0,0,0,1,1,0,0,1,1,0,1,1,1,0,0,1,1,0,0,0,0,0,1,1,0,0,0,0,0,0,0,0,0,0,0,0,0,0,0,0,0,0,0,0,0,0,0,0,0,0,0,0,0,0,0,0,0,0,0,0,0,0,0,0,0,0,0,0,0,0,0,0,0,0,0,0,0,0,0,0,0,0,'2010-11-09 22:27:21');
INSERT INTO `jh_ke` VALUES (154,1,320,1,1,1,1,1,0,0,0,0,0,0,0,0,0,0,0,0,0,0,0,0,1,1,1,1,1,0,0,0,1,1,1,0,0,0,0,0,1,1,1,0,1,1,0,0,1,1,1,0,0,0,0,0,0,0,0,0,0,0,0,0,0,0,0,0,0,0,0,0,0,0,0,0,0,0,0,0,0,0,0,0,0,0,0,'2010-11-28 12:03:25');
INSERT INTO `jh_ke` VALUES (155,1,324,0,0,1,1,0,1,1,0,0,1,1,0,0,0,1,1,0,0,0,0,0,0,0,0,1,1,1,1,0,0,0,0,0,0,0,0,1,1,1,1,1,0,0,0,0,0,0,0,0,0,1,1,0,1,1,1,1,0,0,0,0,0,0,0,0,0,0,0,0,0,0,0,0,0,0,0,0,0,0,0,0,0,0,0,'2010-12-04 22:06:20');
INSERT INTO `jh_ke` VALUES (156,1,334,0,0,0,0,0,0,0,0,0,0,0,0,0,0,0,0,0,0,0,0,0,0,0,0,0,0,0,0,0,0,0,0,0,0,0,0,0,0,0,0,0,0,0,0,0,0,0,0,0,0,0,0,0,0,0,0,0,0,0,0,0,0,0,0,0,0,0,0,0,0,0,0,0,0,0,0,0,0,0,0,0,0,0,0,'2010-12-19 21:52:04');
INSERT INTO `jh_ke` VALUES (157,2,143,1,1,1,1,1,1,1,1,1,0,0,0,0,0,0,0,0,0,0,0,0,0,0,0,0,0,0,0,0,0,0,0,0,0,0,0,0,0,0,0,0,0,0,0,0,0,0,0,0,0,0,0,0,0,0,0,0,0,0,0,0,0,0,0,0,0,0,0,0,0,0,0,0,0,0,0,0,0,0,0,0,0,0,0,'2011-02-28 13:33:19');
INSERT INTO `jh_ke` VALUES (158,2,223,0,0,1,1,0,0,0,1,1,0,0,0,1,1,1,0,0,1,1,0,0,0,0,0,1,1,1,1,0,0,0,0,0,0,0,0,0,0,1,1,0,1,1,0,0,0,0,0,1,1,1,0,0,0,0,0,0,1,1,1,1,1,1,0,0,0,0,0,0,0,0,0,0,0,0,0,0,0,0,0,0,0,0,0,'2011-02-28 13:35:10');
INSERT INTO `jh_ke` VALUES (159,2,210,1,1,1,1,0,1,1,0,0,1,1,0,0,0,1,1,0,1,1,1,1,1,1,0,1,1,1,1,0,1,1,0,0,1,1,1,1,1,1,1,0,1,1,1,1,1,1,0,1,1,1,1,0,1,1,1,1,1,1,0,0,0,0,0,0,0,0,0,0,0,0,0,0,0,0,0,0,0,0,0,0,0,0,0,'2011-02-28 15:22:53');
INSERT INTO `jh_ke` VALUES (160,2,47,1,1,1,1,0,1,1,0,0,1,1,0,1,1,1,1,0,1,1,0,0,1,1,0,1,1,1,1,0,1,1,0,0,1,1,0,1,1,1,1,0,0,0,0,0,0,0,0,0,0,0,0,0,1,1,0,0,1,1,0,0,0,0,0,0,0,0,0,0,0,0,0,0,0,0,0,0,0,0,0,0,0,0,0,'2011-02-28 15:40:21');
INSERT INTO `jh_ke` VALUES (161,2,59,1,1,1,1,0,1,1,0,0,1,1,0,1,1,1,1,0,1,1,1,1,1,1,0,0,0,0,0,0,0,0,0,0,0,0,0,1,1,1,1,0,1,1,1,1,0,0,0,1,1,1,1,1,1,1,1,1,1,1,0,0,0,0,0,0,0,0,0,0,0,0,0,0,0,0,0,0,0,0,0,0,0,0,0,'2011-02-28 17:05:05');
INSERT INTO `jh_ke` VALUES (162,2,86,1,1,1,1,0,1,1,1,1,1,1,0,1,1,0,0,0,1,1,0,0,0,0,0,1,1,0,0,0,1,1,1,1,1,1,0,1,1,0,0,0,1,1,0,0,0,0,0,1,1,1,1,0,1,1,1,1,0,0,0,0,0,0,0,0,0,0,0,0,0,0,0,0,0,0,0,0,0,0,0,0,0,0,0,'2011-02-28 17:50:06');
INSERT INTO `jh_ke` VALUES (163,2,222,0,0,0,0,0,0,0,1,1,0,0,0,1,1,1,0,0,1,1,0,0,0,0,0,1,1,1,1,0,1,1,0,0,1,1,1,0,0,1,1,0,1,1,0,0,0,0,0,1,1,1,0,0,1,1,1,0,1,1,1,1,1,1,0,0,0,0,0,0,0,0,0,0,0,0,0,0,0,0,0,0,0,0,0,'2011-02-28 17:50:47');
INSERT INTO `jh_ke` VALUES (164,2,55,0,0,1,1,0,1,1,0,0,1,1,0,1,1,1,1,0,1,1,1,1,0,0,0,1,1,1,1,0,1,1,1,1,0,0,0,1,1,1,1,0,1,1,1,1,0,0,0,0,0,0,0,0,1,1,0,0,0,0,0,0,0,0,0,0,0,0,0,0,0,0,0,0,0,0,0,0,0,0,0,0,0,0,0,'2011-02-28 17:53:34');
INSERT INTO `jh_ke` VALUES (165,2,259,1,1,0,0,0,1,1,1,1,1,1,0,1,1,1,1,0,1,1,1,1,1,1,1,1,1,1,1,0,1,1,1,1,0,0,0,0,0,1,1,0,0,0,0,0,1,1,0,1,1,1,1,0,1,1,0,0,0,0,0,0,0,0,0,0,0,0,0,0,0,0,0,0,0,0,0,0,0,0,0,0,0,0,0,'2011-02-28 20:05:04');
INSERT INTO `jh_ke` VALUES (166,2,300,0,0,1,1,0,1,1,1,1,1,1,0,1,1,0,0,0,1,1,1,1,1,1,1,1,1,1,1,0,1,1,1,1,0,0,0,1,1,1,1,0,1,1,1,0,1,1,0,1,1,1,1,0,0,0,1,1,1,1,1,0,0,0,0,0,0,0,0,0,0,0,0,0,0,0,0,0,0,0,0,0,0,0,0,'2011-02-28 20:47:37');
INSERT INTO `jh_ke` VALUES (167,2,209,1,1,1,1,0,1,1,0,0,0,0,0,1,1,1,1,0,1,1,0,0,1,1,0,0,0,1,1,0,1,1,1,1,1,1,0,0,0,0,0,0,0,0,0,0,0,0,0,1,1,0,0,0,1,1,0,0,1,1,0,0,0,0,0,0,0,0,0,0,0,0,0,0,0,0,0,0,0,0,0,0,0,0,0,'2011-02-28 20:58:26');
INSERT INTO `jh_ke` VALUES (168,2,258,0,1,1,1,0,1,1,1,1,1,1,0,1,1,1,1,0,1,1,0,0,0,0,0,1,1,1,1,0,1,1,1,1,0,0,0,1,1,0,0,0,1,1,0,0,1,1,0,1,1,1,1,0,1,1,0,0,0,0,0,0,0,0,0,0,0,0,0,0,0,0,0,0,0,0,0,0,0,0,0,0,0,0,0,'2011-02-28 21:47:58');
INSERT INTO `jh_ke` VALUES (169,2,235,0,0,0,0,0,1,1,1,1,1,1,0,1,1,1,1,0,0,0,1,1,1,1,1,0,0,1,1,0,1,1,1,0,1,1,1,0,0,1,1,0,1,1,0,0,1,1,1,1,1,0,0,0,1,1,0,0,0,0,0,0,0,0,0,0,0,0,0,0,0,0,0,0,0,0,0,0,0,0,0,0,1,1,1,'2011-02-28 22:06:46');
INSERT INTO `jh_ke` VALUES (170,2,130,0,0,0,0,0,0,0,0,0,0,0,0,0,0,0,0,0,0,0,0,0,0,0,0,0,0,0,0,0,0,0,0,0,0,0,0,0,0,0,0,0,0,0,0,0,0,0,0,0,0,0,0,0,0,0,0,0,0,0,0,0,0,0,0,0,0,0,0,0,0,0,0,0,0,0,0,0,0,0,0,0,0,0,0,'2011-02-28 23:22:58');
INSERT INTO `jh_ke` VALUES (171,2,319,0,0,0,0,0,0,0,0,0,0,0,0,0,0,1,1,0,0,0,0,0,1,1,1,0,0,1,1,0,0,0,0,0,0,0,0,1,1,0,0,0,0,0,0,0,0,0,0,0,0,0,0,0,0,0,0,0,0,0,0,0,0,0,0,0,0,0,0,0,0,0,0,0,0,0,0,0,0,0,0,0,0,0,0,'2011-02-28 23:24:45');
INSERT INTO `jh_ke` VALUES (172,2,245,1,1,1,1,0,1,1,1,1,1,1,0,1,1,0,0,0,1,1,0,0,1,1,0,0,0,0,0,0,1,1,0,0,0,0,0,1,1,0,0,0,1,1,1,1,0,0,0,1,1,1,1,0,0,0,0,0,1,1,0,0,0,0,0,0,0,0,0,0,0,0,0,0,0,0,0,0,0,0,0,0,0,0,0,'2011-02-28 23:24:53');
INSERT INTO `jh_ke` VALUES (173,2,67,1,1,1,1,0,1,1,0,0,0,0,0,1,1,0,0,0,0,0,0,0,0,0,0,1,1,0,0,0,1,1,0,0,0,0,0,0,0,1,1,0,1,1,1,1,0,0,0,1,1,1,1,0,0,0,0,0,0,0,0,0,0,0,0,0,0,0,0,0,0,0,0,0,0,0,0,0,0,0,0,0,0,0,0,'2011-02-28 23:26:03');
INSERT INTO `jh_ke` VALUES (174,2,334,0,0,1,1,0,1,1,1,0,1,1,0,1,1,1,1,0,1,1,1,1,1,1,1,0,0,1,1,0,1,1,0,0,0,0,0,1,1,0,0,0,1,1,0,0,1,1,1,0,0,0,0,0,1,1,0,0,0,0,0,0,0,0,0,0,0,0,0,0,0,0,0,0,0,0,0,0,0,0,0,0,0,0,0,'2011-02-28 23:26:23');
INSERT INTO `jh_ke` VALUES (175,2,227,1,1,1,1,0,1,1,0,0,1,1,0,1,1,0,0,0,1,1,0,0,1,1,0,0,0,1,1,0,1,1,0,0,1,1,0,1,1,1,1,0,1,1,0,0,1,1,0,0,0,1,1,0,1,1,1,1,1,1,0,0,0,0,0,0,0,0,0,0,0,0,0,0,0,0,0,0,0,0,0,0,0,0,0,'2011-02-28 23:28:33');
INSERT INTO `jh_ke` VALUES (176,2,241,0,0,1,1,0,1,1,1,0,1,1,1,1,1,1,0,0,0,0,0,0,1,1,1,0,0,1,1,0,1,1,1,0,1,1,0,0,0,0,0,0,1,1,1,0,0,0,0,0,0,0,0,0,0,0,0,0,0,0,0,0,0,0,0,0,0,0,0,0,0,0,0,0,0,0,0,0,0,0,0,0,0,0,0,'2011-02-28 23:30:04');
INSERT INTO `jh_ke` VALUES (177,2,108,1,1,0,0,0,0,0,0,0,1,1,1,0,0,1,1,0,0,0,0,0,0,0,0,0,0,1,1,0,1,1,0,0,0,0,0,0,0,1,1,0,0,0,0,0,0,0,0,1,1,0,0,0,0,0,0,0,0,0,0,0,0,0,0,0,0,0,0,0,0,0,0,0,0,0,0,0,0,0,0,0,0,0,0,'2011-02-28 23:37:34');
INSERT INTO `jh_ke` VALUES (178,2,73,0,0,0,0,0,0,0,0,0,0,0,0,0,0,0,0,0,0,0,0,0,0,0,0,0,0,0,0,0,0,0,0,0,0,0,0,0,0,0,0,0,0,0,0,0,0,0,0,0,0,0,0,0,0,0,0,0,0,0,0,0,0,0,0,0,0,0,0,0,0,0,0,0,0,0,0,0,0,0,0,0,0,0,0,'2011-02-28 23:40:05');
INSERT INTO `jh_ke` VALUES (179,2,326,0,0,0,0,0,0,0,0,0,0,0,0,0,0,0,0,0,0,0,0,0,0,0,0,0,0,0,0,0,0,0,0,0,0,0,0,0,0,0,0,0,0,0,0,0,0,0,0,0,0,0,0,0,0,0,0,0,0,0,0,0,0,0,0,0,0,0,0,0,0,0,0,0,0,0,0,0,0,0,0,0,0,0,0,'2011-02-28 23:48:03');
INSERT INTO `jh_ke` VALUES (180,2,321,0,0,0,0,0,0,0,0,0,0,0,0,0,0,0,0,0,0,0,0,0,0,0,0,0,0,0,0,0,0,0,0,0,0,0,0,0,0,0,0,0,0,0,0,0,0,0,0,0,0,0,0,0,0,0,0,0,0,0,0,0,0,0,0,0,0,0,0,0,0,0,0,0,0,0,0,0,0,0,0,0,0,0,0,'2011-02-28 23:51:58');
INSERT INTO `jh_ke` VALUES (181,2,31,1,1,1,1,0,1,1,0,0,0,0,0,1,1,1,1,0,1,1,0,0,0,0,0,0,0,0,0,0,0,0,0,0,0,0,0,0,0,0,0,0,1,1,1,0,0,0,0,0,0,0,0,0,1,1,0,0,0,0,0,0,0,0,0,0,0,0,0,0,0,0,0,0,0,0,0,0,0,0,0,0,0,0,0,'2011-03-01 08:32:17');
INSERT INTO `jh_ke` VALUES (182,2,81,0,0,0,0,0,0,0,0,0,0,0,0,0,0,0,0,0,0,0,0,0,0,0,0,0,0,0,0,0,0,0,0,0,0,0,0,0,0,0,0,0,0,0,0,0,0,0,0,0,0,0,0,0,0,0,0,0,0,0,0,0,0,0,0,0,0,0,0,0,0,0,0,0,0,0,0,0,0,0,0,0,0,0,0,'2011-03-01 09:52:35');
INSERT INTO `jh_ke` VALUES (183,2,337,1,1,1,1,0,1,1,0,0,0,0,0,0,0,0,0,0,1,1,1,1,0,0,0,1,1,1,1,0,1,1,1,1,0,0,0,1,1,1,1,1,1,1,1,1,1,1,1,0,0,1,1,0,1,1,0,0,1,1,0,0,0,0,0,0,0,0,0,0,0,0,0,0,0,0,0,0,0,0,0,0,0,0,0,'2011-03-01 10:28:46');
INSERT INTO `jh_ke` VALUES (184,2,324,1,1,0,0,0,0,0,0,0,1,1,0,1,1,0,0,0,0,0,0,0,1,1,1,1,1,0,0,0,1,1,0,0,0,0,0,0,0,0,0,0,1,1,0,0,0,0,0,0,0,0,0,0,1,1,0,0,0,0,0,0,0,0,0,0,0,0,0,0,0,0,0,0,0,0,0,0,0,0,0,0,0,0,0,'2011-03-01 11:10:50');
INSERT INTO `jh_ke` VALUES (185,2,261,1,1,1,1,0,1,1,1,1,1,1,0,1,1,0,0,0,1,1,1,1,1,1,1,1,1,1,1,0,1,1,1,0,0,0,0,1,1,1,1,0,1,1,0,0,1,1,0,0,0,0,0,0,1,1,0,0,1,1,0,0,0,0,0,0,0,0,0,0,0,0,0,0,0,0,0,0,0,0,0,0,0,0,0,'2011-03-01 11:36:42');
INSERT INTO `jh_ke` VALUES (186,2,139,1,1,1,1,0,1,1,0,0,0,0,0,1,1,0,0,0,1,1,1,1,0,0,0,1,1,1,1,0,1,1,0,0,0,0,0,0,0,0,0,0,0,0,0,0,0,0,0,1,1,0,0,0,1,1,0,0,0,0,0,0,0,0,0,0,0,0,0,0,0,0,0,0,0,0,0,0,0,0,0,0,0,0,0,'2011-03-01 11:48:27');
INSERT INTO `jh_ke` VALUES (187,2,333,1,1,1,1,0,1,1,1,1,0,0,0,1,1,1,1,0,1,1,1,1,1,1,0,1,1,1,1,0,1,1,0,0,0,0,0,0,0,0,0,0,1,1,0,0,1,1,0,1,1,0,0,0,1,1,0,0,0,0,0,0,0,0,0,0,0,0,0,0,0,0,0,0,0,0,0,0,0,0,0,0,0,0,0,'2011-03-01 12:08:43');
INSERT INTO `jh_ke` VALUES (188,2,320,1,1,1,1,1,0,0,0,0,1,1,1,0,0,1,1,0,0,0,0,0,1,1,1,1,1,1,0,0,1,1,1,0,0,0,0,1,1,1,0,0,1,1,0,0,0,0,0,1,1,1,0,0,0,0,0,0,0,0,0,0,0,0,0,0,0,0,0,0,0,0,0,0,0,0,0,0,0,0,0,0,0,0,0,'2011-03-01 12:09:56');
INSERT INTO `jh_ke` VALUES (189,2,27,1,1,1,1,0,1,1,1,0,1,1,0,0,0,0,0,0,1,1,0,0,0,0,0,0,0,1,1,0,1,1,0,0,0,0,0,0,0,1,1,0,1,1,0,0,0,0,0,0,0,1,1,0,1,1,0,0,0,0,0,0,0,0,0,0,0,0,0,0,0,0,0,0,0,0,0,0,0,0,0,0,0,0,0,'2011-03-01 15:48:25');
INSERT INTO `jh_ke` VALUES (190,2,338,1,1,1,1,0,0,0,1,1,1,1,1,0,0,1,1,0,1,1,0,0,0,0,0,1,1,1,1,0,0,0,0,0,0,0,0,1,1,1,1,0,0,0,0,0,0,0,0,1,1,1,1,0,0,0,0,0,0,0,0,0,0,0,0,0,0,0,0,0,0,0,0,0,0,0,0,0,0,0,0,0,0,0,0,'2011-03-01 16:22:58');
INSERT INTO `jh_ke` VALUES (191,2,307,1,1,1,1,0,1,1,1,1,0,0,0,1,1,1,1,0,1,1,1,1,0,0,0,0,1,1,1,0,1,1,1,1,0,0,0,0,0,1,1,0,1,1,0,0,1,1,1,0,0,1,1,0,1,1,0,0,0,0,0,0,0,0,0,0,0,0,0,0,0,0,0,0,0,0,0,0,0,0,0,0,0,0,0,'2011-03-01 17:42:17');
INSERT INTO `jh_ke` VALUES (192,2,310,1,1,1,1,0,1,1,1,1,1,1,1,1,1,1,1,0,1,1,0,0,0,0,0,1,1,1,1,0,1,1,0,0,0,0,0,1,1,1,1,0,1,1,0,0,0,0,0,1,1,1,1,0,0,0,0,0,0,0,0,0,0,0,0,0,0,0,0,0,0,0,0,0,0,0,0,0,0,0,0,0,0,0,0,'2011-03-01 19:57:44');
INSERT INTO `jh_ke` VALUES (193,2,280,1,1,1,1,0,1,1,1,1,0,0,0,1,1,0,0,0,1,1,0,0,0,0,0,1,1,1,1,0,1,1,0,0,0,0,0,1,1,0,0,0,1,1,1,0,1,1,1,1,1,0,0,0,1,1,0,0,1,1,0,0,0,0,0,0,0,0,0,0,0,0,0,0,0,0,0,0,0,0,0,0,0,0,0,'2011-03-01 19:58:32');
INSERT INTO `jh_ke` VALUES (194,2,77,0,0,1,1,0,1,1,1,0,0,0,0,0,0,1,1,0,0,0,0,0,0,0,0,0,0,0,0,0,1,1,0,0,0,0,0,0,0,0,0,0,0,0,0,0,0,0,0,1,1,1,1,0,0,0,0,0,0,0,0,0,0,0,0,0,0,0,0,0,0,0,0,0,0,0,0,0,0,0,0,0,0,0,0,'2011-03-01 20:23:20');
INSERT INTO `jh_ke` VALUES (195,2,328,1,1,1,1,0,1,1,0,0,1,1,0,1,1,1,1,0,1,1,0,0,0,0,0,1,1,1,1,0,0,0,0,0,1,1,0,1,1,1,1,0,1,1,0,0,1,1,0,1,1,0,0,0,1,1,1,1,0,0,0,0,0,0,0,0,0,0,0,0,0,0,0,0,0,0,0,0,0,0,0,0,0,0,0,'2011-03-01 20:51:20');
INSERT INTO `jh_ke` VALUES (196,2,205,0,0,0,0,0,1,1,0,0,1,1,0,1,1,1,1,0,1,1,0,0,1,1,0,1,1,1,1,0,1,1,0,0,1,1,0,1,1,1,1,0,1,1,1,1,1,1,0,1,1,1,1,0,1,1,0,0,1,1,0,0,0,0,0,0,0,0,0,0,0,0,0,0,0,0,0,0,0,0,0,0,0,0,0,'2011-03-01 21:08:48');
INSERT INTO `jh_ke` VALUES (197,2,260,1,1,1,1,0,1,1,1,1,1,1,0,1,1,1,1,0,0,0,0,0,1,1,1,0,0,1,1,0,1,1,0,0,0,0,0,1,1,1,1,0,1,1,0,0,1,1,0,0,0,1,1,0,1,1,0,0,0,0,0,0,0,0,0,0,0,0,0,0,0,0,0,0,0,0,0,0,0,0,0,0,0,0,0,'2011-03-01 21:38:33');
INSERT INTO `jh_ke` VALUES (198,2,299,1,1,1,1,0,1,1,0,0,1,1,0,1,1,1,1,0,1,1,0,0,1,1,0,0,0,1,1,0,1,1,0,0,1,1,0,0,0,0,0,0,0,0,0,0,0,0,0,0,0,0,0,0,1,1,0,0,1,1,0,0,0,1,1,0,1,1,0,0,0,0,0,1,1,0,0,0,1,1,1,0,0,0,0,'2011-03-01 21:57:55');
INSERT INTO `jh_ke` VALUES (199,2,173,0,0,1,1,0,1,1,1,0,1,1,0,0,0,0,0,0,1,1,1,0,0,0,0,1,1,1,1,0,1,1,1,1,1,1,0,0,0,0,0,0,1,1,0,0,0,0,0,1,1,0,0,0,0,0,0,0,0,0,0,0,0,0,0,0,0,0,0,0,0,0,0,0,0,0,0,0,0,0,0,0,0,0,0,'2011-03-01 22:45:14');
INSERT INTO `jh_ke` VALUES (200,2,286,1,1,1,1,0,1,1,1,1,1,1,0,1,1,1,1,0,1,1,1,0,1,1,0,1,1,1,1,0,1,1,0,0,1,1,0,0,0,0,0,0,0,0,0,0,1,1,0,0,0,1,1,0,1,1,0,0,1,1,0,1,1,1,0,0,1,1,1,0,0,0,0,0,0,0,0,0,1,1,1,0,0,0,0,'2011-03-01 22:47:59');
INSERT INTO `jh_ke` VALUES (201,2,288,1,1,1,1,0,1,1,1,1,1,1,0,1,1,0,0,0,1,1,1,1,0,0,0,1,1,1,1,0,1,1,1,0,0,0,0,0,0,0,0,0,1,1,1,1,1,1,1,1,1,0,0,0,1,1,1,0,1,1,0,0,0,0,0,0,1,1,1,0,0,0,0,0,0,0,0,0,0,0,0,0,0,0,0,'2011-03-01 22:50:47');
INSERT INTO `jh_ke` VALUES (202,2,312,0,0,1,1,0,1,1,1,1,1,1,0,1,1,1,1,0,1,1,1,0,1,1,0,1,1,1,1,0,1,1,1,1,0,0,0,0,0,1,1,0,1,1,0,0,1,1,1,1,1,1,1,0,1,1,1,0,0,0,0,0,0,0,0,0,0,0,0,0,0,0,0,0,0,0,0,0,0,0,0,0,0,0,0,'2011-03-01 23:09:17');
INSERT INTO `jh_ke` VALUES (203,2,293,1,1,1,1,0,1,1,0,0,1,1,0,1,1,1,1,0,0,0,0,0,1,1,1,1,1,0,0,0,1,1,0,0,1,1,0,1,1,1,1,0,1,1,0,0,1,1,0,0,0,0,0,0,0,0,0,0,0,0,0,0,0,0,0,0,0,0,0,0,0,0,0,0,0,0,0,0,0,0,0,0,0,0,0,'2011-03-01 23:10:56');
INSERT INTO `jh_ke` VALUES (204,2,206,0,0,1,1,0,1,1,0,0,1,1,0,1,1,1,1,0,0,0,0,0,0,0,0,0,0,1,1,0,1,1,0,0,1,1,0,1,1,1,1,0,1,1,1,0,1,1,0,1,1,1,1,0,1,0,0,0,1,1,0,0,0,0,0,0,0,0,0,0,0,0,0,0,0,0,0,0,0,0,0,0,0,0,0,'2011-03-01 23:12:10');
INSERT INTO `jh_ke` VALUES (205,2,294,0,0,0,0,0,1,1,1,1,0,0,0,1,1,0,0,0,1,1,1,1,0,0,0,1,1,1,1,0,1,1,0,0,0,0,0,0,0,0,0,0,0,0,0,0,0,0,0,0,0,0,0,0,1,0,1,1,1,1,0,0,0,0,0,0,0,0,0,0,0,0,0,1,1,1,1,0,1,1,1,1,1,1,0,'2011-03-01 23:45:53');
INSERT INTO `jh_ke` VALUES (206,2,287,1,1,1,1,0,1,1,1,1,0,0,0,1,1,1,1,0,1,1,0,0,1,1,0,0,0,0,0,0,0,0,0,0,1,0,1,1,1,1,1,0,1,1,1,1,1,1,0,1,1,1,0,0,0,0,0,0,0,0,0,0,0,0,0,0,0,0,0,0,0,0,0,0,0,0,0,0,0,0,0,0,0,0,0,'2011-03-02 10:12:02');
INSERT INTO `jh_ke` VALUES (207,2,298,0,0,1,1,0,0,0,0,0,0,0,0,1,1,0,0,0,0,0,0,0,1,1,1,1,1,0,0,0,1,1,0,0,0,0,0,0,0,1,1,0,0,0,0,0,0,0,0,0,0,0,0,0,0,0,0,0,0,0,0,0,0,0,0,0,0,0,0,0,0,0,0,0,0,0,0,0,0,0,0,0,0,0,0,'2011-03-02 11:17:55');
INSERT INTO `jh_ke` VALUES (208,2,284,1,1,1,1,1,1,1,1,1,0,0,0,0,0,1,1,1,1,1,1,1,0,0,0,0,0,1,1,1,1,1,1,1,1,1,1,1,1,1,1,1,1,1,1,0,1,1,0,0,0,1,1,1,1,1,1,1,1,1,0,0,0,0,0,0,0,0,0,0,0,0,0,0,0,0,0,0,0,0,0,0,0,0,0,'2011-03-02 13:56:25');
INSERT INTO `jh_ke` VALUES (209,2,233,1,1,1,1,0,1,1,1,1,0,0,0,1,1,1,1,0,1,1,1,1,1,1,0,1,1,1,1,0,1,1,0,0,0,0,0,1,1,1,1,0,1,1,1,1,1,1,1,0,1,1,1,0,1,1,0,0,1,1,1,0,0,0,0,0,0,0,0,0,0,0,0,0,0,0,0,0,0,0,0,0,0,0,0,'2011-03-02 16:34:24');
INSERT INTO `jh_ke` VALUES (210,2,327,1,1,1,1,0,1,1,1,0,0,0,0,1,1,1,1,0,1,1,0,0,1,1,1,0,0,1,1,0,1,1,0,0,0,0,0,1,1,0,0,0,1,1,0,0,1,1,1,1,1,1,1,0,1,1,0,0,1,1,1,0,0,0,0,0,0,0,0,0,0,0,0,0,0,0,0,0,0,0,0,0,0,0,0,'2011-03-02 16:58:48');
INSERT INTO `jh_ke` VALUES (211,2,281,1,1,1,1,0,1,1,1,1,0,0,0,1,1,0,0,0,1,1,1,1,0,0,0,1,1,1,1,0,1,1,1,1,0,0,0,1,1,1,1,0,1,1,0,0,0,0,0,1,1,1,1,1,1,1,1,1,1,1,0,0,0,0,0,0,0,0,0,0,0,0,0,0,0,0,0,0,0,0,0,0,0,0,0,'2011-03-02 18:06:55');
INSERT INTO `jh_ke` VALUES (212,2,14,1,1,1,1,0,1,1,0,0,0,0,0,1,1,1,1,0,1,1,0,0,0,0,0,1,1,0,0,0,0,0,0,0,0,0,0,0,0,1,1,0,1,1,0,0,0,0,0,1,1,0,0,0,1,1,0,0,0,0,0,0,0,0,0,0,0,0,0,0,0,0,0,0,0,0,0,0,0,0,0,0,0,0,0,'2011-03-02 18:11:16');
INSERT INTO `jh_ke` VALUES (213,2,283,0,0,1,1,0,1,1,1,1,0,0,0,1,1,0,0,0,1,1,1,1,1,1,1,1,1,1,1,0,1,1,1,1,0,0,0,1,1,1,1,0,1,1,0,0,1,1,0,0,1,1,1,0,1,1,0,0,1,1,0,0,0,0,0,0,0,0,0,0,0,0,0,0,0,0,0,0,0,0,0,0,0,0,0,'2011-03-02 20:45:51');
INSERT INTO `jh_ke` VALUES (214,2,330,0,0,1,1,0,1,1,1,1,1,1,0,1,1,1,1,0,1,1,1,0,1,1,1,0,0,1,1,0,1,1,0,0,0,0,0,1,1,1,1,0,1,1,0,0,0,0,0,1,1,0,0,0,1,1,0,0,0,0,0,0,0,0,0,0,0,0,0,0,0,0,0,0,0,0,0,0,0,0,0,0,0,0,0,'2011-03-02 21:49:58');
INSERT INTO `jh_ke` VALUES (215,2,19,0,0,1,1,0,1,1,0,0,1,1,1,0,0,1,1,0,1,1,0,0,0,0,0,1,1,0,0,0,1,1,0,0,0,0,0,0,0,0,0,0,0,0,0,0,0,0,0,1,1,0,0,0,1,1,0,0,0,0,0,0,1,1,1,0,0,0,0,0,0,0,0,0,0,0,0,0,0,0,0,0,0,0,0,'2011-03-02 22:25:02');
INSERT INTO `jh_ke` VALUES (216,2,329,1,1,1,1,0,0,0,1,1,0,0,0,1,1,1,1,0,1,1,1,1,0,0,0,1,1,1,1,0,1,1,1,1,0,0,0,0,0,0,0,0,0,0,0,0,0,0,0,1,1,1,1,0,1,1,1,1,0,0,0,0,0,0,0,0,0,0,0,0,0,0,0,0,0,0,0,0,0,0,0,0,0,0,0,'2011-03-02 23:05:24');
INSERT INTO `jh_ke` VALUES (217,2,21,0,0,1,1,0,0,0,0,0,0,0,0,1,1,1,1,0,1,1,0,0,0,0,0,0,0,0,0,0,0,0,0,0,0,0,0,1,1,0,0,0,1,1,0,0,0,0,0,1,1,1,1,0,0,0,0,0,0,0,0,0,0,0,0,0,1,1,1,1,0,0,0,0,0,0,0,0,0,0,0,0,0,0,0,'2011-03-02 23:11:43');
INSERT INTO `jh_ke` VALUES (218,2,240,0,0,1,1,0,1,1,1,1,1,1,1,1,1,1,1,0,1,1,1,0,1,1,1,0,0,1,1,0,0,0,0,0,1,1,1,0,0,1,1,0,1,1,0,0,1,1,0,1,1,0,0,0,1,1,0,0,0,0,0,0,0,0,0,0,0,0,0,0,0,0,0,0,0,0,0,0,0,0,0,0,1,1,1,'2011-03-03 09:28:04');
INSERT INTO `jh_ke` VALUES (219,2,251,0,0,1,1,0,1,1,1,1,1,1,0,1,1,1,1,0,0,0,0,0,1,1,1,0,0,1,1,0,1,1,1,0,1,1,1,1,1,1,1,0,0,0,0,0,1,1,0,1,1,1,1,0,0,0,0,0,0,0,0,0,0,0,0,0,1,1,1,1,0,0,0,0,0,0,0,0,0,0,0,0,0,0,0,'2011-03-03 09:59:30');
INSERT INTO `jh_ke` VALUES (220,2,295,0,0,0,0,0,0,0,1,1,0,0,0,1,1,1,1,0,1,1,0,0,0,0,0,0,0,1,1,0,1,1,1,1,0,0,0,1,1,1,1,0,1,1,0,0,0,0,0,0,0,1,1,0,0,0,0,0,0,0,0,0,0,0,0,0,0,0,0,0,0,0,0,0,0,0,0,0,0,0,0,0,0,0,0,'2011-03-03 16:59:25');
INSERT INTO `jh_ke` VALUES (221,2,101,1,1,0,0,0,1,1,0,0,0,0,0,1,1,0,0,0,1,1,0,0,0,0,0,1,1,0,0,0,1,1,0,0,0,0,0,1,1,1,1,0,0,0,0,0,0,0,0,1,1,1,1,0,0,0,0,0,0,0,0,1,1,1,1,0,1,1,1,1,0,0,0,0,0,0,0,0,0,0,0,0,0,0,0,'2011-03-03 17:42:50');
INSERT INTO `jh_ke` VALUES (222,2,308,0,0,0,0,0,0,0,0,0,0,0,0,0,0,0,0,0,0,0,0,0,0,0,0,0,0,0,0,0,0,0,0,0,0,0,0,0,0,0,0,0,0,0,0,0,0,0,0,0,0,0,0,0,0,0,0,0,0,0,0,0,0,0,0,0,0,0,0,0,0,0,0,0,0,0,0,0,0,0,0,0,0,0,0,'2011-03-03 18:31:15');
INSERT INTO `jh_ke` VALUES (223,2,13,0,0,1,1,0,1,1,0,0,1,1,0,1,1,1,1,0,1,1,1,1,1,1,0,1,1,1,1,0,0,0,0,0,1,1,1,1,1,1,1,0,1,1,1,1,1,1,0,1,1,1,1,0,1,1,1,1,0,0,0,0,0,0,0,0,1,1,1,1,0,0,0,0,0,0,0,0,0,0,0,0,0,0,0,'2011-03-03 20:58:38');
INSERT INTO `jh_ke` VALUES (224,2,8,1,1,1,1,0,1,1,0,0,0,0,0,1,1,1,1,0,1,1,1,0,1,1,0,0,0,1,1,0,1,1,0,0,1,1,1,1,1,1,1,0,1,1,0,0,1,1,0,1,1,1,1,0,0,0,0,0,1,1,0,0,0,0,0,0,0,0,0,0,0,0,0,0,0,0,0,0,0,0,0,0,0,0,0,'2011-03-03 22:19:45');
INSERT INTO `jh_ke` VALUES (225,2,289,1,1,1,1,0,0,0,1,1,0,0,0,1,1,0,0,0,1,1,1,1,0,0,0,1,1,1,1,0,1,1,1,0,0,0,0,0,0,0,0,0,1,1,1,1,1,1,1,1,1,1,1,0,1,1,1,0,1,1,0,0,0,0,0,0,0,0,0,0,0,0,0,0,0,0,0,0,0,0,0,0,0,0,0,'2011-03-03 22:37:22');
INSERT INTO `jh_ke` VALUES (226,2,230,1,1,1,1,0,0,0,1,1,1,1,0,1,1,1,1,0,1,1,1,1,1,1,1,1,1,1,1,0,1,1,1,0,0,0,0,1,1,1,1,0,0,0,1,1,1,1,0,1,1,0,0,0,1,1,0,0,0,0,0,0,0,0,0,0,0,0,0,0,0,0,0,0,0,0,0,0,0,0,0,0,0,0,0,'2011-03-03 22:49:15');
INSERT INTO `jh_ke` VALUES (227,2,150,1,1,1,1,0,1,1,1,1,1,1,0,1,1,0,0,0,1,1,1,1,1,1,1,0,0,1,1,0,1,1,1,1,1,1,1,1,1,1,1,0,1,1,1,0,1,1,0,1,1,1,1,0,0,0,1,1,1,1,0,0,0,0,0,0,0,0,0,0,0,0,0,0,0,0,1,0,0,0,0,0,0,0,0,'2011-03-03 23:27:57');
INSERT INTO `jh_ke` VALUES (228,2,339,1,1,0,0,0,0,0,0,0,1,1,0,1,1,1,1,0,1,1,1,1,0,0,0,0,0,1,1,0,1,1,0,0,1,1,0,0,0,0,0,0,1,1,1,1,0,0,0,0,0,0,0,0,1,1,1,1,0,0,0,0,0,0,0,0,0,0,0,0,0,0,0,0,0,0,0,0,0,0,0,0,0,0,0,'2011-03-04 16:05:56');
INSERT INTO `jh_ke` VALUES (229,2,318,0,0,1,1,0,1,1,1,1,0,0,0,1,1,1,0,0,0,0,0,0,0,0,0,1,1,1,1,0,1,1,0,0,1,1,1,0,0,1,1,0,0,0,0,0,1,1,1,1,1,1,0,0,1,1,1,0,1,1,1,1,1,1,0,0,0,0,0,0,0,0,0,0,0,0,0,0,0,0,0,0,0,0,0,'2011-03-04 21:12:22');
INSERT INTO `jh_ke` VALUES (230,2,213,0,0,1,1,0,1,1,1,1,1,1,0,1,1,1,1,0,1,1,1,1,1,1,0,1,1,1,1,0,1,1,0,0,0,0,0,0,0,1,1,0,1,1,0,0,1,1,0,0,0,1,1,0,1,1,0,0,1,1,0,0,0,0,0,0,0,0,0,0,0,0,0,0,0,0,0,0,0,0,0,0,1,1,0,'2011-03-04 22:46:50');
INSERT INTO `jh_ke` VALUES (231,2,54,1,1,1,0,0,1,1,1,1,1,1,1,1,1,1,0,0,0,0,0,0,0,0,0,1,1,0,0,0,1,1,1,0,0,0,0,0,0,0,0,0,1,1,0,0,0,0,0,1,1,1,1,0,1,1,1,0,0,0,0,0,0,0,0,0,0,0,0,0,0,0,0,0,0,0,0,0,0,0,0,0,0,0,0,'2011-03-04 22:52:36');
INSERT INTO `jh_ke` VALUES (232,2,17,0,0,1,1,0,0,0,0,0,1,1,1,1,1,1,1,0,1,1,0,0,0,0,0,1,1,1,1,0,0,0,0,0,0,0,0,1,1,1,1,0,1,1,1,1,0,0,0,1,1,1,1,0,0,0,0,0,1,1,1,1,1,1,0,0,1,1,1,0,0,0,0,1,1,1,1,0,0,0,0,0,0,0,0,'2011-03-04 22:55:18');
INSERT INTO `jh_ke` VALUES (233,2,50,0,0,0,0,0,0,0,0,0,1,1,1,1,1,1,1,0,1,1,0,0,1,1,1,1,1,1,1,0,1,1,0,0,0,0,0,1,1,1,1,0,1,1,0,0,0,0,0,1,1,1,1,0,0,0,0,0,0,0,0,1,1,1,1,0,1,1,0,0,0,0,0,0,0,0,0,0,1,1,1,0,1,1,1,'2011-03-04 22:55:33');
INSERT INTO `jh_ke` VALUES (234,2,317,1,1,1,0,0,1,1,1,1,1,1,1,1,1,1,0,0,0,0,0,0,0,0,0,0,0,1,1,0,1,1,1,0,0,0,0,0,0,0,0,0,1,1,1,0,0,0,0,1,1,1,1,0,0,0,0,0,1,1,0,0,0,0,0,0,0,0,0,0,0,0,0,0,0,0,0,0,0,0,0,0,0,0,0,'2011-03-05 08:46:06');
INSERT INTO `jh_ke` VALUES (235,2,38,1,1,1,1,0,0,0,1,1,1,1,0,1,1,1,1,0,1,1,1,1,0,0,0,1,1,1,1,0,1,1,1,1,1,1,0,1,1,1,1,0,1,1,1,1,0,0,0,0,0,1,1,0,1,1,1,1,0,0,0,0,0,0,0,0,0,0,0,0,0,0,0,0,0,0,0,0,0,0,0,0,0,0,0,'2011-03-05 13:03:41');
INSERT INTO `jh_ke` VALUES (236,2,313,1,1,1,1,0,1,1,1,1,0,0,0,1,1,1,1,0,1,1,1,1,0,0,0,0,0,1,1,0,1,1,1,1,0,0,0,0,0,0,0,0,1,1,1,1,1,1,1,1,1,1,1,0,1,1,1,1,0,0,0,1,1,1,1,0,1,1,1,1,0,0,0,0,0,0,0,0,0,0,0,0,0,0,0,'2011-03-05 13:32:01');
INSERT INTO `jh_ke` VALUES (237,2,46,1,1,1,1,0,1,1,1,1,1,1,0,0,0,0,0,0,1,1,1,1,0,0,0,1,1,1,1,0,1,1,0,0,0,0,0,1,1,1,1,0,1,1,1,1,1,1,0,1,1,1,1,0,1,1,0,0,0,0,0,0,0,0,0,0,0,0,0,0,0,0,0,0,0,0,0,0,0,0,0,0,0,0,0,'2011-03-05 14:33:22');
INSERT INTO `jh_ke` VALUES (238,2,39,1,1,1,1,0,1,1,0,0,1,1,0,1,1,1,1,0,0,0,0,0,0,0,0,1,1,1,1,0,1,1,0,0,1,1,0,1,1,0,0,0,1,1,0,0,1,1,1,1,1,1,1,0,0,0,0,0,0,0,0,0,0,0,0,0,0,0,0,0,0,0,0,0,0,0,0,0,0,0,0,0,0,0,0,'2011-03-05 20:17:28');
INSERT INTO `jh_ke` VALUES (239,2,238,1,1,1,1,0,1,1,1,1,0,1,1,1,1,1,1,0,1,1,1,0,0,1,1,1,1,1,1,0,1,1,1,1,0,1,1,1,1,1,1,0,1,1,0,0,0,1,1,1,1,0,0,0,1,1,0,0,0,1,1,0,0,0,0,0,0,0,0,0,0,0,0,0,0,0,0,0,0,0,0,0,0,0,0,'2011-03-05 22:00:45');
INSERT INTO `jh_ke` VALUES (240,2,198,1,1,1,1,1,1,1,1,1,0,0,0,1,1,1,1,1,0,0,0,0,0,0,0,1,1,1,1,0,1,1,1,1,1,1,0,1,1,1,1,0,0,0,0,0,1,1,0,0,0,0,1,1,1,1,0,0,0,0,0,0,0,0,0,0,0,0,0,0,0,0,0,0,0,0,0,0,0,0,0,0,0,0,0,'2011-03-05 22:54:26');
INSERT INTO `jh_ke` VALUES (241,2,234,1,1,1,1,0,1,1,1,1,1,1,1,1,1,1,1,0,0,0,0,0,0,0,0,1,1,1,1,0,1,1,0,0,0,0,0,1,1,1,1,0,1,1,0,0,1,1,0,1,1,0,0,0,0,0,0,0,0,0,0,0,0,0,0,0,0,0,0,0,0,0,0,0,0,0,0,0,0,0,0,0,0,0,0,'2011-03-06 15:17:23');
INSERT INTO `jh_ke` VALUES (242,2,301,1,1,1,1,0,1,1,1,1,0,0,0,1,1,1,1,0,1,1,1,1,1,1,0,1,1,1,1,0,0,0,0,0,1,1,1,0,0,1,1,1,1,1,1,1,0,0,0,1,1,0,1,0,1,1,1,1,1,1,0,0,0,0,0,0,0,0,0,0,0,0,0,0,0,0,0,0,0,0,0,0,0,0,0,'2011-03-06 15:23:43');
INSERT INTO `jh_ke` VALUES (243,2,232,1,1,1,1,0,1,1,1,1,1,1,0,1,1,1,1,0,0,0,0,0,1,1,1,1,1,1,1,0,1,1,0,1,1,0,0,0,0,0,0,0,1,1,1,0,1,1,0,0,0,1,1,0,1,1,0,0,0,0,0,0,0,0,0,0,0,0,0,0,0,0,0,0,0,0,0,0,0,0,0,0,0,0,0,'2011-03-06 15:34:56');
INSERT INTO `jh_ke` VALUES (244,2,335,0,0,0,0,0,1,1,0,0,0,0,0,1,1,0,0,0,1,1,0,0,1,1,0,1,1,0,0,0,1,1,0,0,0,0,0,1,1,0,0,0,1,1,0,0,0,0,0,1,1,0,0,0,1,1,0,0,1,1,0,0,0,0,0,0,0,0,0,0,0,0,0,0,0,0,0,0,0,0,0,0,0,0,0,'2011-03-06 17:43:15');
INSERT INTO `jh_ke` VALUES (245,2,221,1,1,0,0,0,1,1,0,0,1,1,0,1,1,1,1,1,1,1,1,0,0,0,0,0,0,0,0,0,0,0,0,0,1,1,0,1,1,0,0,0,0,0,0,0,0,0,0,0,0,0,0,0,0,0,0,0,1,1,1,0,0,0,0,0,0,0,0,0,0,0,0,0,0,0,0,0,0,0,0,0,0,0,0,'2011-03-06 17:51:21');
INSERT INTO `jh_ke` VALUES (246,2,340,0,0,1,1,0,1,1,0,0,1,1,0,1,1,1,1,0,1,1,1,1,0,0,0,1,1,1,1,0,1,1,1,1,0,0,0,1,1,1,1,0,1,1,0,0,1,1,0,1,1,1,1,0,1,1,1,1,1,1,0,0,0,0,0,0,0,0,0,0,0,0,0,0,0,0,0,0,0,0,0,0,0,0,0,'2011-03-06 18:11:45');
INSERT INTO `jh_ke` VALUES (247,2,306,1,1,1,1,0,1,1,1,1,1,1,0,0,0,0,0,0,1,1,1,1,1,1,0,0,0,1,1,0,1,1,1,1,1,1,0,1,1,1,1,0,1,1,1,1,1,1,0,0,0,0,0,0,1,1,1,1,0,0,0,0,0,0,0,0,0,0,0,0,0,0,0,0,0,0,0,0,0,0,0,0,0,0,0,'2011-03-06 20:16:20');
INSERT INTO `jh_ke` VALUES (248,2,201,1,1,1,1,0,0,0,1,1,0,0,0,1,1,1,1,0,0,0,0,0,1,1,0,1,1,1,1,0,1,1,0,0,1,1,0,0,0,1,1,0,1,1,0,0,0,0,0,1,1,1,1,0,0,0,0,0,1,1,0,0,0,0,0,0,0,0,0,0,0,0,0,0,0,0,0,0,0,0,0,0,0,0,0,'2011-03-06 21:25:38');
INSERT INTO `jh_ke` VALUES (249,2,151,1,1,1,1,0,1,1,1,1,1,1,0,0,0,0,0,0,1,1,0,0,0,0,0,1,1,1,1,0,1,1,1,1,1,1,0,1,1,1,1,0,1,1,1,1,1,1,1,1,1,1,1,0,1,1,0,0,0,0,0,0,0,0,0,0,0,0,0,0,0,0,0,0,0,0,0,0,0,0,0,0,0,0,0,'2011-03-06 22:37:16');
INSERT INTO `jh_ke` VALUES (250,2,237,0,0,1,1,0,1,1,1,1,0,0,0,1,1,1,1,0,1,1,1,1,1,1,1,0,0,1,1,0,1,1,0,0,0,0,0,1,1,1,1,0,1,1,1,0,0,0,0,1,1,1,1,0,1,1,1,1,1,1,1,0,0,0,0,0,0,0,0,0,0,0,0,0,0,0,0,0,0,0,0,0,0,0,0,'2011-03-06 23:10:43');
INSERT INTO `jh_ke` VALUES (251,2,314,0,0,1,1,0,0,1,1,0,0,0,0,0,0,0,0,0,1,1,0,0,0,0,0,0,0,1,1,0,1,1,1,1,0,0,0,1,1,0,0,0,1,1,1,1,0,0,0,0,0,1,1,0,0,1,1,0,0,0,0,0,0,0,0,0,0,0,0,0,0,0,0,0,0,0,0,0,0,0,0,0,0,0,0,'2011-03-06 23:53:01');
INSERT INTO `jh_ke` VALUES (252,2,332,1,1,1,1,0,1,1,1,0,0,0,0,1,1,0,0,0,1,1,0,0,1,1,0,1,1,1,1,1,1,1,1,1,0,0,0,1,1,1,1,0,1,1,0,0,0,0,0,0,0,0,0,0,1,1,0,0,1,1,0,0,0,0,0,0,1,1,1,0,0,0,0,0,0,0,0,0,0,0,0,0,0,0,0,'2011-03-07 16:45:33');
INSERT INTO `jh_ke` VALUES (253,2,342,1,1,1,1,0,1,1,1,1,0,0,0,0,0,0,0,0,1,1,1,1,1,1,0,1,1,1,1,0,1,1,0,0,1,1,1,1,1,1,1,1,0,0,0,0,0,0,0,0,0,1,1,0,1,1,0,0,1,1,0,0,0,0,0,0,0,0,0,0,0,0,0,0,0,0,0,0,0,0,0,0,0,0,0,'2011-03-12 23:40:07');
INSERT INTO `jh_ke` VALUES (254,2,343,1,1,1,0,0,1,1,1,1,1,1,0,1,1,1,0,0,1,1,0,0,0,0,0,0,0,1,1,0,1,1,1,0,1,1,1,1,1,1,0,0,0,0,0,0,1,1,0,0,0,0,0,0,1,1,1,0,0,0,0,0,0,0,0,0,1,1,1,0,0,0,0,0,0,0,0,0,1,1,1,0,0,0,0,'2011-03-13 00:19:17');
INSERT INTO `jh_ke` VALUES (255,2,341,0,0,0,0,0,1,1,1,1,0,0,0,1,1,0,0,0,1,1,0,0,0,0,0,1,1,1,1,0,1,1,0,0,0,0,0,1,1,0,0,0,1,1,0,0,0,0,0,1,1,1,1,0,1,1,0,0,0,0,0,0,0,0,0,0,0,0,0,0,0,0,0,0,0,0,0,0,0,0,0,0,0,0,0,'2011-03-13 09:50:08');
INSERT INTO `jh_ke` VALUES (256,2,344,0,1,1,1,0,1,1,1,1,1,1,0,1,1,1,1,0,0,0,1,1,0,0,0,1,1,1,1,0,1,1,0,0,0,0,0,0,0,1,1,0,1,1,0,0,1,1,1,1,1,1,1,0,1,1,0,0,0,0,0,0,0,0,0,0,0,0,0,0,0,0,0,0,0,0,0,0,0,0,0,0,0,0,0,'2011-03-13 19:12:06');
INSERT INTO `jh_ke` VALUES (257,2,6,0,0,0,0,0,1,1,0,0,0,0,0,1,1,1,1,1,1,1,1,1,0,0,0,0,0,1,1,0,0,0,0,0,1,1,1,1,1,0,0,0,1,1,0,0,0,0,0,0,0,0,0,0,0,0,0,0,0,0,0,0,0,0,0,0,0,0,0,0,0,0,0,0,0,0,0,0,0,0,0,0,0,0,0,'2011-03-14 12:02:12');
INSERT INTO `jh_ke` VALUES (258,2,348,0,0,1,1,0,0,0,1,1,0,0,0,1,1,1,0,0,0,0,0,0,0,0,0,1,1,1,1,0,1,1,0,0,1,1,1,1,1,1,1,0,0,0,0,0,1,1,1,1,1,1,0,0,1,1,1,0,1,1,1,1,1,1,0,0,0,0,0,0,0,0,0,0,0,0,0,0,0,0,0,0,0,0,0,'2011-03-14 13:07:12');
INSERT INTO `jh_ke` VALUES (259,2,347,0,0,1,1,0,1,1,1,1,1,1,0,1,1,1,1,0,1,1,0,0,1,1,1,1,1,1,1,0,1,1,0,0,1,1,0,1,1,0,0,0,1,1,1,0,1,1,1,1,1,1,1,0,1,1,0,0,0,0,0,0,0,0,0,0,0,0,0,0,0,0,0,0,0,0,0,0,0,0,0,0,0,0,0,'2011-03-14 17:43:57');
INSERT INTO `jh_ke` VALUES (260,2,349,0,0,1,1,0,0,0,1,1,0,0,0,1,1,1,0,0,0,0,1,1,0,0,0,1,1,1,1,0,0,0,0,0,0,0,0,0,0,1,1,0,1,1,1,0,1,1,1,1,1,1,0,0,0,0,0,0,1,1,1,1,1,1,0,0,0,0,0,0,0,0,0,0,0,0,0,0,0,0,0,0,0,0,0,'2011-03-14 21:41:56');
INSERT INTO `jh_ke` VALUES (261,2,316,1,1,1,0,0,0,0,0,0,1,1,1,1,1,1,0,0,0,0,0,0,0,0,0,1,1,1,1,0,1,1,1,0,0,0,0,0,0,0,0,0,1,1,0,0,1,1,0,1,1,1,1,0,1,1,1,0,0,0,0,0,0,0,0,0,0,0,0,0,0,0,0,0,0,0,0,0,0,0,0,0,0,0,0,'2011-03-15 17:29:49');
INSERT INTO `jh_ke` VALUES (262,2,353,1,1,1,1,0,1,1,1,1,0,0,0,0,0,1,1,0,1,1,0,0,1,1,0,1,1,1,1,0,1,1,0,0,0,0,0,0,0,1,1,0,1,1,0,0,1,1,1,1,1,1,1,0,1,1,0,0,0,0,0,0,0,0,0,0,0,0,0,0,0,0,0,0,0,0,0,0,0,0,0,0,0,0,0,'2011-03-15 17:34:47');
INSERT INTO `jh_ke` VALUES (263,2,253,0,0,0,0,0,1,1,0,0,0,0,0,1,1,1,1,1,1,1,1,1,1,1,1,0,0,0,0,0,1,1,0,0,0,0,0,1,1,0,0,0,1,1,0,0,0,0,0,1,1,0,0,0,0,0,0,0,0,0,0,0,0,0,0,0,0,0,0,0,0,0,0,0,0,0,0,0,0,0,0,0,0,0,0,'2011-03-15 17:56:28');
INSERT INTO `jh_ke` VALUES (264,2,367,1,1,1,1,0,1,1,1,1,0,0,0,1,1,0,0,0,1,1,1,0,1,1,0,0,0,1,1,0,1,1,0,0,1,1,1,1,1,1,1,0,1,1,0,0,1,1,0,1,1,1,1,0,0,0,0,0,1,1,0,0,0,0,0,0,0,0,0,0,0,0,0,0,0,0,0,0,0,0,0,0,0,0,0,'2011-03-16 22:36:38');
INSERT INTO `jh_ke` VALUES (265,2,368,1,1,1,1,0,1,1,1,1,1,1,0,0,0,1,1,0,1,1,1,1,1,1,0,0,0,1,1,0,1,1,1,1,1,1,0,0,1,1,1,0,1,1,1,0,1,1,0,0,0,1,1,0,1,1,1,1,1,1,0,0,0,0,0,0,1,1,1,1,0,0,0,0,0,0,0,0,0,0,0,0,0,0,0,'2011-03-16 22:39:26');
INSERT INTO `jh_ke` VALUES (266,2,377,1,1,1,1,0,1,1,1,1,1,1,1,0,0,1,1,0,1,1,0,0,0,0,0,1,1,1,1,0,1,1,1,1,0,0,0,1,1,0,0,0,1,1,0,0,0,0,0,1,1,1,1,0,0,0,0,0,0,0,0,0,0,0,0,0,0,0,0,0,0,0,0,0,0,0,0,0,0,0,0,0,0,0,0,'2011-03-17 12:51:22');
INSERT INTO `jh_ke` VALUES (267,2,373,0,0,1,1,0,0,0,1,1,0,0,0,0,0,1,1,0,1,1,1,1,1,1,1,1,1,1,1,0,1,1,0,0,0,0,0,1,1,1,1,0,1,1,1,0,1,1,0,1,1,1,1,0,1,1,0,0,1,1,1,0,0,0,0,0,0,0,0,0,0,0,0,0,0,0,0,0,0,0,0,0,0,0,0,'2011-03-17 17:42:52');
INSERT INTO `jh_ke` VALUES (268,2,61,1,1,1,1,0,1,1,1,1,1,1,0,1,1,1,1,0,1,1,1,1,1,1,0,1,1,1,1,0,1,1,1,1,0,0,0,1,1,1,1,0,1,1,1,1,1,1,0,0,0,1,1,0,1,1,1,0,1,1,0,0,0,1,1,0,0,0,0,0,0,0,0,0,0,0,0,0,0,0,0,0,0,0,0,'2011-03-17 17:54:43');
INSERT INTO `jh_ke` VALUES (269,2,369,1,1,1,1,0,0,0,1,1,1,1,0,1,1,1,1,0,1,1,1,0,0,0,0,0,0,0,0,0,1,1,0,0,0,0,0,1,1,1,1,0,1,1,1,0,1,1,0,1,1,1,1,0,1,1,1,1,1,1,0,0,0,0,0,0,0,0,0,0,0,0,0,0,0,0,0,0,1,1,0,0,1,1,1,'2011-03-17 19:58:49');
INSERT INTO `jh_ke` VALUES (270,2,375,1,1,1,1,0,1,1,1,1,1,1,1,1,1,1,1,0,1,1,0,0,0,0,0,1,1,1,1,0,1,1,0,0,0,0,0,0,0,1,1,0,1,1,0,0,1,1,0,1,1,1,1,0,1,1,0,0,0,0,0,0,0,0,0,0,0,0,0,0,0,0,0,0,0,0,0,0,0,0,0,0,0,0,0,'2011-03-18 00:13:35');
INSERT INTO `jh_ke` VALUES (271,2,370,1,1,0,0,0,1,1,1,1,1,1,0,1,1,1,1,0,1,1,1,0,0,0,0,1,1,1,1,0,1,1,0,0,1,1,0,1,1,0,1,0,0,0,0,0,1,1,0,0,0,1,1,0,1,1,0,0,0,0,0,0,0,0,0,0,0,0,0,0,0,0,0,0,0,0,0,0,0,0,0,0,0,0,0,'2011-03-19 17:36:17');
INSERT INTO `jh_ke` VALUES (272,2,225,1,1,0,0,1,0,0,1,1,1,1,0,1,1,1,1,1,1,1,1,1,1,1,0,1,1,1,1,1,1,1,1,1,1,1,1,0,0,0,0,1,1,1,0,0,1,1,0,1,1,1,1,1,1,1,0,0,1,1,0,0,0,0,0,0,0,0,0,0,0,0,0,0,0,0,0,0,0,0,0,0,1,1,1,'2011-03-20 12:11:59');
INSERT INTO `jh_ke` VALUES (273,2,380,0,0,1,1,0,1,1,1,1,0,0,0,1,1,1,1,0,1,1,0,0,0,0,0,1,1,1,1,0,1,1,0,0,0,0,0,1,1,0,0,0,1,1,0,0,1,1,0,1,1,1,1,1,1,1,1,1,1,1,1,0,0,0,0,0,0,0,0,0,0,0,0,0,0,0,0,0,0,0,0,0,0,0,0,'2011-03-21 12:15:49');
INSERT INTO `jh_ke` VALUES (274,2,378,1,1,1,1,0,1,1,0,0,1,1,0,0,0,1,1,0,1,1,1,1,0,0,0,1,1,1,1,0,1,1,1,1,0,0,0,1,1,1,1,0,1,1,1,1,0,0,0,0,0,0,0,0,1,1,0,0,0,0,0,0,0,0,0,0,0,0,0,0,0,0,0,0,0,0,0,0,0,0,0,0,0,0,0,'2011-03-22 12:18:18');
INSERT INTO `jh_ke` VALUES (275,2,379,1,1,1,1,0,1,1,1,1,1,1,1,1,1,1,1,0,1,1,1,1,0,0,0,1,1,1,1,0,0,0,1,1,0,0,0,1,1,1,1,0,0,0,1,1,0,0,0,1,1,1,1,0,1,1,1,1,0,0,0,0,0,0,0,0,0,0,0,0,0,0,0,0,0,0,0,0,0,0,0,0,0,0,0,'2011-03-23 21:54:06');
INSERT INTO `jh_ke` VALUES (276,2,363,1,1,1,1,0,1,1,1,1,1,1,0,1,1,0,0,0,1,1,1,0,1,1,0,1,1,1,1,0,1,1,1,1,1,1,0,1,1,1,1,0,1,1,0,0,1,1,0,0,0,1,1,0,1,1,0,0,0,0,0,0,0,0,0,0,0,0,0,0,0,0,0,0,0,0,0,0,0,0,0,0,0,0,0,'2011-03-23 22:32:33');
INSERT INTO `jh_ke` VALUES (277,2,383,1,1,1,1,0,0,0,1,1,1,1,0,1,1,1,1,0,0,0,0,0,0,0,0,1,1,1,1,0,1,1,0,0,1,1,0,1,1,0,0,0,1,1,1,1,1,1,0,0,0,0,0,0,0,0,0,0,1,1,0,1,1,1,0,0,1,1,1,0,0,0,0,0,0,0,0,0,1,1,1,0,0,0,0,'2011-03-26 11:24:39');
INSERT INTO `jh_ke` VALUES (278,2,384,0,0,1,1,0,1,1,1,1,0,0,0,0,1,1,1,0,1,1,1,0,0,0,0,1,1,0,0,0,1,1,0,0,0,0,0,0,1,1,1,0,1,1,1,0,0,1,1,0,0,1,1,0,1,1,0,0,0,0,0,0,0,0,0,0,0,0,0,0,0,0,0,0,0,0,0,0,0,0,0,0,0,0,0,'2011-03-26 11:28:16');
INSERT INTO `jh_ke` VALUES (279,2,385,1,1,1,1,0,1,1,1,1,0,0,0,1,1,1,1,0,1,1,1,1,0,0,0,1,1,0,0,0,0,0,0,0,0,0,0,1,1,1,1,0,1,1,0,0,1,1,1,1,1,1,1,0,0,0,0,0,0,0,0,0,0,0,0,0,0,0,0,0,0,0,0,0,0,0,0,0,0,0,0,0,0,0,0,'2011-03-28 19:08:49');
INSERT INTO `jh_ke` VALUES (280,2,264,1,1,1,1,1,1,1,1,1,1,1,1,1,1,1,1,1,1,1,1,1,1,1,1,1,1,1,1,1,1,1,1,1,1,1,1,1,1,1,1,1,1,1,1,1,1,1,1,1,1,1,1,1,1,1,1,1,1,1,1,1,1,1,1,1,1,1,1,1,1,1,1,1,1,1,1,1,1,1,1,1,1,1,1,'2011-04-08 22:44:04');

#
# Table structure for table jh_menu
#

CREATE TABLE `jh_menu` (
  `Id` int(11) NOT NULL AUTO_INCREMENT,
  `menu_name` varchar(255) NOT NULL DEFAULT '' COMMENT '菜单名',
  PRIMARY KEY (`Id`)
) ENGINE=InnoDB AUTO_INCREMENT=18 DEFAULT CHARSET=utf8 COMMENT='菜单表';

#
# Dumping data for table jh_menu
#

INSERT INTO `jh_menu` VALUES (1,'用户管理');
INSERT INTO `jh_menu` VALUES (2,'角色管理');
INSERT INTO `jh_menu` VALUES (3,'菜单管理');
INSERT INTO `jh_menu` VALUES (4,'功能管理');
INSERT INTO `jh_menu` VALUES (9,'个人中心');
INSERT INTO `jh_menu` VALUES (10,'学期管理');
INSERT INTO `jh_menu` VALUES (11,'学院管理');
INSERT INTO `jh_menu` VALUES (12,'职务管理');
INSERT INTO `jh_menu` VALUES (13,'动态管理');
INSERT INTO `jh_menu` VALUES (15,'消息管理');
INSERT INTO `jh_menu` VALUES (16,'课表管理');
INSERT INTO `jh_menu` VALUES (17,'部门管理');

#
# Table structure for table jh_msg
#

CREATE TABLE `jh_msg` (
  `Id` int(11) NOT NULL AUTO_INCREMENT,
  `msgtitle` varchar(255) NOT NULL DEFAULT '' COMMENT '消息标题',
  `content` varchar(255) NOT NULL DEFAULT '' COMMENT '消息内容',
  `isSystem` bit(1) NOT NULL DEFAULT b'0' COMMENT '是否系统消息',
  `sendId` int(11) NOT NULL DEFAULT '0' COMMENT '发送人ID',
  `receiveId` int(11) NOT NULL DEFAULT '0' COMMENT '接收人ID',
  `addtime` timestamp NOT NULL DEFAULT CURRENT_TIMESTAMP COMMENT '添加时间',
  `isRead` bit(1) NOT NULL DEFAULT b'0' COMMENT '是否已读',
  PRIMARY KEY (`Id`)
) ENGINE=InnoDB AUTO_INCREMENT=33 DEFAULT CHARSET=utf8 COMMENT='消息表';

#
# Dumping data for table jh_msg
#

INSERT INTO `jh_msg` VALUES (1,'我测试下','看看是短信收到 还是 站内收到  囧里个囧',b'0',130,104,'2010-09-16 06:27:55',b'1');
INSERT INTO `jh_msg` VALUES (4,'回复:第一条','我显示都正常的．．可以关闭的．．你的浏览器是？另外人员排序这个有待考虑，之后可能会对其进行功能加强',b'0',2,143,'2010-09-23 22:29:43',b'1');
INSERT INTO `jh_msg` VALUES (5,'。。','没想到还有这种功能',b'0',36,220,'2010-09-26 22:50:31',b'1');
INSERT INTO `jh_msg` VALUES (7,'精弘网络祝你生日快乐...','我谨代表“精弘网络”祝你生日快乐...',b'1',2,50,'2010-10-17 21:21:27',b'1');
INSERT INTO `jh_msg` VALUES (8,'精弘网络祝你生日快乐...','我谨代表“精弘网络”祝你生日快乐...',b'1',2,305,'2010-10-17 21:22:40',b'0');
INSERT INTO `jh_msg` VALUES (9,'精弘网络祝你生日快乐...','我谨代表“精弘网络”祝你生日快乐...',b'1',2,43,'2010-10-17 21:23:47',b'0');
INSERT INTO `jh_msg` VALUES (10,'精弘网络祝你生日快乐...','我代表精弘网络祝你生日快乐，祝愿你在精弘工作愉快',b'1',2,236,'2010-10-21 06:49:37',b'0');
INSERT INTO `jh_msg` VALUES (12,'灰哥','O(∩_∩)O~',b'0',316,54,'2010-11-02 21:34:47',b'1');
INSERT INTO `jh_msg` VALUES (13,'骅姐','O(∩_∩)O~',b'0',316,317,'2010-11-02 21:35:22',b'1');
INSERT INTO `jh_msg` VALUES (14,'部长好~','O(∩_∩)O~',b'0',316,50,'2010-11-02 21:36:14',b'1');
INSERT INTO `jh_msg` VALUES (15,'小贤子~','O(∩_∩)O~',b'0',316,299,'2010-11-02 21:36:52',b'1');
INSERT INTO `jh_msg` VALUES (16,'精弘网络祝你生日快乐','精弘网络祝你生日快乐',b'1',2,118,'2010-11-15 21:52:06',b'0');
INSERT INTO `jh_msg` VALUES (17,'精弘网络祝你生日快乐','精弘网络祝你生日快乐',b'1',2,101,'2010-11-15 21:52:25',b'1');
INSERT INTO `jh_msg` VALUES (18,'精弘网络祝你生日快乐','精弘网络祝你生日快乐',b'1',2,298,'2010-11-15 21:53:25',b'1');
INSERT INTO `jh_msg` VALUES (19,'精弘网络祝你生日快乐...','精弘网络祝你生日快乐...',b'1',2,240,'2010-11-19 23:24:44',b'1');
INSERT INTO `jh_msg` VALUES (20,'精弘网络祝你生日快乐...','精弘网络祝你生日快乐...',b'1',2,33,'2010-11-19 23:25:01',b'1');
INSERT INTO `jh_msg` VALUES (21,'精弘网络祝你生日快乐...','精弘网络祝你生日快乐...',b'1',2,296,'2010-11-19 23:26:34',b'1');
INSERT INTO `jh_msg` VALUES (22,'精弘网络祝你生日快乐','精弘网络祝你生日快乐',b'1',2,167,'2010-12-02 21:39:36',b'1');
INSERT INTO `jh_msg` VALUES (23,'精弘网络祝你生日快乐','精弘网络祝你生日快乐',b'1',2,221,'2010-12-04 21:31:42',b'1');
INSERT INTO `jh_msg` VALUES (24,'精弘网络祝你生日快乐','精弘网络祝你生日快乐',b'1',2,206,'2010-12-08 22:40:43',b'0');
INSERT INTO `jh_msg` VALUES (26,'精弘网络祝你生日快乐~','精弘网络祝你生日快乐~谢谢你为精弘所作的一切！',b'1',2,318,'2011-01-01 15:29:05',b'0');
INSERT INTO `jh_msg` VALUES (27,'天天快乐','(*^__^*) 嘻嘻……',b'0',299,316,'2011-03-01 21:56:08',b'1');
INSERT INTO `jh_msg` VALUES (28,'hihi','陈管主席hihi\r\n君君没有精弘币了，都不能去精弘论坛玩。。\r\n因为寝室的网速不给力，经常卡机，所以。。。。\r\n经常被扣精弘币。。。\r\n求精弘币啊。。。',b'0',280,143,'2011-03-02 21:04:42',b'1');
INSERT INTO `jh_msg` VALUES (29,'回复:hihi','- -!\r\n已经转账180给2008jun__love.\r\n新年回来都没联系过呢,第一句就是红包啊',b'0',143,280,'2011-03-03 08:52:52',b'1');
INSERT INTO `jh_msg` VALUES (30,'回复:回复:hihi','嘿嘿，谢谢陈管主席啦。\r\n我说今天上论坛的时候突然变得有钱了。\r\n哈哈。。\r\n谢谢哦。\r\n以后没有钱了还是可以跟陈管“哥哥”要。。\r\n我不会告诉别人的哦O(∩_∩)O~',b'0',280,143,'2011-03-04 20:55:46',b'1');
INSERT INTO `jh_msg` VALUES (31,'小傻瓜','.............................................................................................................................................',b'0',353,316,'2011-03-15 17:37:41',b'1');
INSERT INTO `jh_msg` VALUES (32,'回复:小傻瓜','哈~~',b'0',316,353,'2011-03-15 18:49:26',b'0');

#
# Table structure for table jh_operation
#

CREATE TABLE `jh_operation` (
  `Id` int(11) NOT NULL AUTO_INCREMENT,
  `operation_name` varchar(255) NOT NULL DEFAULT '' COMMENT '操作名',
  `link` varchar(255) NOT NULL DEFAULT '' COMMENT '指向链接',
  `menuID` int(11) NOT NULL DEFAULT '0' COMMENT '所属菜单ID',
  PRIMARY KEY (`Id`)
) ENGINE=InnoDB AUTO_INCREMENT=47 DEFAULT CHARSET=utf8 COMMENT='操作表';

#
# Dumping data for table jh_operation
#

INSERT INTO `jh_operation` VALUES (1,'新增用户','m/forward.do?method=addUser',1);
INSERT INTO `jh_operation` VALUES (2,'查询用户(管理级)','m/user.do?method=listUser&isLocked=0',1);
INSERT INTO `jh_operation` VALUES (6,'新增角色','m/forward.do?method=addRole',2);
INSERT INTO `jh_operation` VALUES (7,'查询角色','m/role.do?method=listRole',2);
INSERT INTO `jh_operation` VALUES (8,'新增菜单','m/forward.do?method=addMenu',3);
INSERT INTO `jh_operation` VALUES (9,'查询菜单','m/menu.do?method=listMenu',3);
INSERT INTO `jh_operation` VALUES (10,'新增功能','m/forward.do?method=addOperation',4);
INSERT INTO `jh_operation` VALUES (11,'查询功能','m/operation.do?method=listOperation',4);
INSERT INTO `jh_operation` VALUES (15,'密码修改','m/forward.do?method=modifyPwd',9);
INSERT INTO `jh_operation` VALUES (16,'个人资料编辑','m/editMyInfo.do',9);
INSERT INTO `jh_operation` VALUES (17,'查看个人资料','m/showMyInfo.do',9);
INSERT INTO `jh_operation` VALUES (18,'新增学期','m/forward.do?method=addTerm',10);
INSERT INTO `jh_operation` VALUES (19,'查询学期','m/forward.do?method=listTerm',10);
INSERT INTO `jh_operation` VALUES (20,'新增学院','m/forward.do?method=addAcademy',11);
INSERT INTO `jh_operation` VALUES (21,'查询学院','m/academy.do?method=listAcademy',11);
INSERT INTO `jh_operation` VALUES (22,'新增职务','m/forward.do?method=addJob',12);
INSERT INTO `jh_operation` VALUES (23,'查询职务','m/job.do?method=listJob',12);
INSERT INTO `jh_operation` VALUES (25,'新增动态','m/forward.do?method=addDynamic',13);
INSERT INTO `jh_operation` VALUES (26,'查询动态','m/dynamic.do?method=listDynamic',13);
INSERT INTO `jh_operation` VALUES (32,'写消息','m/forward.do?method=addMsg&limit=yes',15);
INSERT INTO `jh_operation` VALUES (33,'给我的消息','m/msg.do?method=listMsg&limit=receive',15);
INSERT INTO `jh_operation` VALUES (34,'查询消息(管理级)','m/msg.do?method=listMsg&limit=no',15);
INSERT INTO `jh_operation` VALUES (35,'写消息(管理级)','m/forward.do?method=addMsg',15);
INSERT INTO `jh_operation` VALUES (36,'我发的消息','m/msg.do?method=listMsg&limit=send',15);
INSERT INTO `jh_operation` VALUES (37,'新增个人课表','m/forward.do?method=addKe&limit=yes',16);
INSERT INTO `jh_operation` VALUES (38,'新增课表(管理级)','m/forward.do?method=addKe&limit=no',16);
INSERT INTO `jh_operation` VALUES (39,'我的课表','m/ke.do?method=listKe&limit=yes',16);
INSERT INTO `jh_operation` VALUES (40,'查询课表(管理级)','m/ke.do?method=listKe&limit=no',16);
INSERT INTO `jh_operation` VALUES (41,'查询用户','m/readOnlyUser.do?method=listUser&isLocked=0',1);
INSERT INTO `jh_operation` VALUES (43,'空课查询(管理级)','m/forward.do?method=searchFreeKe',16);
INSERT INTO `jh_operation` VALUES (44,'空课查询','m/forward.do?method=searchFreeKe&functional=yes',16);
INSERT INTO `jh_operation` VALUES (45,'新增部门','m/forward.do?method=addDepartment',17);
INSERT INTO `jh_operation` VALUES (46,'查询部门','m/department.do?method=listDepartment',17);

#
# Table structure for table jh_role
#

CREATE TABLE `jh_role` (
  `Id` int(11) NOT NULL AUTO_INCREMENT,
  `role_name` varchar(255) NOT NULL DEFAULT '' COMMENT '角色名',
  PRIMARY KEY (`Id`)
) ENGINE=InnoDB AUTO_INCREMENT=8 DEFAULT CHARSET=utf8 COMMENT='角色表';

#
# Dumping data for table jh_role
#

INSERT INTO `jh_role` VALUES (1,'超级管理员');
INSERT INTO `jh_role` VALUES (2,'精弘普通用户');
INSERT INTO `jh_role` VALUES (3,'精弘人力资源管理员');
INSERT INTO `jh_role` VALUES (4,'精弘课表管理员');
INSERT INTO `jh_role` VALUES (5,'精弘公告栏');
INSERT INTO `jh_role` VALUES (6,'精弘部长团');
INSERT INTO `jh_role` VALUES (7,'主席团');

#
# Table structure for table jh_term
#

CREATE TABLE `jh_term` (
  `Id` int(11) NOT NULL AUTO_INCREMENT,
  `term_name` varchar(255) NOT NULL DEFAULT '-' COMMENT '学期名称',
  `term_info` varchar(255) DEFAULT NULL COMMENT '学期备注',
  `add_time` timestamp NULL DEFAULT CURRENT_TIMESTAMP COMMENT '添加时间',
  PRIMARY KEY (`Id`)
) ENGINE=InnoDB AUTO_INCREMENT=3 DEFAULT CHARSET=utf8;

#
# Dumping data for table jh_term
#

INSERT INTO `jh_term` VALUES (1,'2010/2011(一)','2010/2011(一)','2010-09-06 22:06:48');
INSERT INTO `jh_term` VALUES (2,'2010/2011(二)','','2011-02-28 13:31:59');

#
# Table structure for table jh_user
#

CREATE TABLE `jh_user` (
  `Id` int(11) NOT NULL AUTO_INCREMENT,
  `uid` varchar(255) NOT NULL DEFAULT '' COMMENT '学号',
  `username` varchar(255) NOT NULL DEFAULT '' COMMENT '用户名',
  `password` varchar(255) NOT NULL DEFAULT 'e10adc3949ba59abbe56e057f20f883e' COMMENT '密码',
  `academy` varchar(255) DEFAULT '-' COMMENT '学院',
  `job_1` varchar(255) DEFAULT '-' COMMENT '部门',
  `job_2` varchar(255) DEFAULT '-' COMMENT '职务',
  `job_3` varchar(255) DEFAULT '-' COMMENT '备注',
  `major` varchar(255) DEFAULT '-' COMMENT '专业',
  `grade` varchar(255) DEFAULT '-' COMMENT '年级',
  `dormitory` varchar(255) DEFAULT '-' COMMENT '寝室',
  `sex` varchar(255) DEFAULT '-' COMMENT '性别',
  `phone` varchar(255) DEFAULT '-' COMMENT '电话',
  `cornet` varchar(255) DEFAULT '-' COMMENT '短号',
  `roleID` int(11) DEFAULT '0' COMMENT '角色ID',
  `add_time` timestamp NULL DEFAULT CURRENT_TIMESTAMP COMMENT '添加时间',
  `birthday` varchar(255) DEFAULT '-' COMMENT '生日',
  `location` varchar(255) DEFAULT '-' COMMENT '所在校区',
  `is_locked` int(1) unsigned DEFAULT '0' COMMENT '是否锁定，1为锁定',
  `qq` varchar(255) DEFAULT '-' COMMENT 'QQ号码',
  `bbsID` varchar(255) DEFAULT '-' COMMENT '论坛ID',
  PRIMARY KEY (`Id`)
) ENGINE=InnoDB AUTO_INCREMENT=387 DEFAULT CHARSET=utf8 COMMENT='用户表';

#
# Dumping data for table jh_user
#

INSERT INTO `jh_user` VALUES (2,'200826490109','李斌斌','a8fe34d357f41231dc9b283258ad2fbb','计算机、软件学院','主席团','技术总监','快成元老了','软件工程(2+3)','0801','西13#614','男','13656667541','687541',1,'2010-04-21 22:21:18','1987-08-18','屏峰校区',0,'549652838','qingtian16265');
INSERT INTO `jh_user` VALUES (3,'200819100203','陈若涵','e10adc3949ba59abbe56e057f20f883e','国际学院','服务器管理部员','-','-','计算机科学与技术','0802','东10-509','男','15158131238','537177',2,'2010-09-11 21:30:16','09-02','屏峰校区',0,'50868596','crhan');
INSERT INTO `jh_user` VALUES (4,'200926630615','邵锦佩','e10adc3949ba59abbe56e057f20f883e','计算机、软件学院','下载站部员','论坛-普通版主','-','计算机+自动化','0902','西10#520','女','15068822535','516101',2,'2010-09-11 21:30:16','1992-12-25','屏峰校区',1,'247289702','sibeily');
INSERT INTO `jh_user` VALUES (5,'200908480102','陈金芝','03bb492876b60334370af7cc70051435','人文学院','下载站部员','-','-','外汉','0901','西6#214','女','13758235593','514358',2,'2010-09-11 21:30:17','2010-08-01','屏峰校区',1,'501714127','哆朵');
INSERT INTO `jh_user` VALUES (6,'200803100411','李涵','e10adc3949ba59abbe56e057f20f883e','计算机、软件学院','下载站部员','-','-','计算机0804','0804','东2#118','男','13575458734','-530027',2,'2010-09-11 21:30:17','2010-09-26','屏峰校区',0,'306354288','七七散');
INSERT INTO `jh_user` VALUES (7,'200926630618','汪兴','e10adc3949ba59abbe56e057f20f883e','计算机、软件学院','下载站部员','-','-','软工0906','0906','东6#529','男','15068822356','-516093',2,'2010-09-11 21:30:17','2010-09-26','屏峰校区',0,'694851355','昏头');
INSERT INTO `jh_user` VALUES (8,'200919100406','陈彦强','fe1d18f84c113d1ebca0b221a2c11ba5','国际学院','下载站部员','-','-','计算机','0904','东10#417','男','15068878528','-518563',2,'2010-09-11 21:30:17','2010-10-25','屏峰校区',0,'372717287','chenyq001');
INSERT INTO `jh_user` VALUES (9,'200803120409','金秦震','e10adc3949ba59abbe56e057f20f883e','信息学院','下载站部员','-','-','自动化0804','0804','东10#604','男','13575459816','-530289',2,'2010-09-11 21:30:17','2010-09-26','屏峰校区',1,'363071399','yuchen');
INSERT INTO `jh_user` VALUES (10,'200805910417','陶胜刚','e10adc3949ba59abbe56e057f20f883e','-','-','-','-','-','-','-','-','-','-',2,'2010-09-11 21:30:17','-','-',1,'-','-');
INSERT INTO `jh_user` VALUES (11,'200908480224','杨罗莎','e10adc3949ba59abbe56e057f20f883e','-','-','-','-','-','-','-','-','-','-',2,'2010-09-11 21:30:17','-','-',1,'-','-');
INSERT INTO `jh_user` VALUES (12,'200903110126','杨继承','e10adc3949ba59abbe56e057f20f883e','信息学院','资讯部员','-','-','通信工程','通信0901','东2#528','男','15068833065','-516701',2,'2010-09-11 21:30:17','1992-01-10','屏峰校区',1,'584734166','紫晨');
INSERT INTO `jh_user` VALUES (13,'200903110124','徐九凌','e10adc3949ba59abbe56e057f20f883e','信息学院','资讯部员','-','-','-通信工程','-0901','-东#2 503','男','15068832763','-516682',2,'2010-09-11 21:30:17','1990-10-24','屏峰校区',0,'-316949000','-流水平沙');
INSERT INTO `jh_user` VALUES (14,'200808580122','汪璇','e10adc3949ba59abbe56e057f20f883e','人文学院','资讯部员','论坛-普通版主','-','汉语言文学','中文0801','西8#209','女','15158133358','531950',2,'2010-09-11 21:30:17','1.29','屏峰校区',0,'506448259','潇湘雨');
INSERT INTO `jh_user` VALUES (15,'200918360320','田超','e10adc3949ba59abbe56e057f20f883e','-','-','-','-','-','-','-','-','-','-',2,'2010-09-11 21:30:17','-','-',1,'-','-');
INSERT INTO `jh_user` VALUES (16,'200908270307','楼梦蝶','e10adc3949ba59abbe56e057f20f883e','-','-','-','-','-','-','-','-','-','-',2,'2010-09-11 21:30:17','-','-',1,'-','-');
INSERT INTO `jh_user` VALUES (17,'200909300618','李洲莹','7a7214580596fc0a47865857bd961419','外语学院','精弘资讯-产品经理','-','-','-英语','-0906','-西二','女','13735887889','-637889',6,'2010-09-11 21:30:17','1991-05-01','屏峰校区',0,'-476063003','-draw');
INSERT INTO `jh_user` VALUES (18,'200908580201','包瑜俐','e10adc3949ba59abbe56e057f20f883e','-','-','-','-','-','-','-','-','-','-',2,'2010-09-11 21:30:17','-','-',1,'-','-');
INSERT INTO `jh_user` VALUES (19,'200801010107','黄卫廷','e10adc3949ba59abbe56e057f20f883e','化材学院','论坛-校园生活区-超版','论坛-普通版主','-','材料科学与工程','金属材料0803','S4#219','男','15158131351','537304',6,'2010-09-11 21:30:17','-','朝晖校区',0,'-','银河月');
INSERT INTO `jh_user` VALUES (20,'200703080206','冯海龙','e10adc3949ba59abbe56e057f20f883e','信息学院','论坛-普通版主','-','-','电气工程及其自动化','电气0702','东3#428','男','15858178894','-684988',2,'2010-09-11 21:30:17','1988-05-21','屏峰校区',1,'421221394','flybird');
INSERT INTO `jh_user` VALUES (21,'200810620215','王宝平','870caf1fdc38dba279ffa00a80be9746','理学院','论坛-普通版主','-','-','光信息科学与技术','0802','-','男','15158134528','-590117',2,'2010-09-11 21:30:17','','屏峰校区',0,'243208186','百色迷迭');
INSERT INTO `jh_user` VALUES (22,'2110903071','都斌','a59d04367c14a54a924c04d77e6260bf','信息学院','论坛-普通版主','-','-','控制理论与控制工程','控研091','西12','男','15268592483','暂无',2,'2010-09-11 21:30:17','5.25','屏峰校区',1,'578065176','舞文弄墨');
INSERT INTO `jh_user` VALUES (23,'200709550229','周家俊','e10adc3949ba59abbe56e057f20f883e','外语学院','论坛-普通版主','-','-','-','-','-','男','-','-',2,'2010-09-11 21:30:17','-','屏峰校区',0,'-','-');
INSERT INTO `jh_user` VALUES (24,'200926630820','吴慧强','266a0639818f84663a7d141aa67bea9c','计算机、软件学院','论坛-普通版主','-','-','软件工程','0908','东14 # 316','男','-','516187',2,'2010-09-11 21:30:17','1990-10-02','屏峰校区',0,'97532468','smalljonxs');
INSERT INTO `jh_user` VALUES (25,'200718350109','姜宇','e10adc3949ba59abbe56e057f20f883e','教科学院','论坛-普通版主','-','-','应用心理学','0801','梦2-117','女','15868458042','679042',2,'2010-09-11 21:30:17','1989-08-20','朝晖校区',0,'834373092','muyuxiaofeng');
INSERT INTO `jh_user` VALUES (26,'200826630108','马其伟','e10adc3949ba59abbe56e057f20f883e','计算机、软件学院','论坛-普通版主','-','-','软件工程','0801','家和西苑13#604','男','15158133489','532094',2,'2010-09-11 21:30:17','1989-10-03','屏峰校区',0,'472522755','ma7wei');
INSERT INTO `jh_user` VALUES (27,'200805720101','巴冬叶','e10adc3949ba59abbe56e057f20f883e','经贸学院','论坛-普通版主','-','-','工程管理','0801','东五','女','15158135117','533219',2,'2010-09-11 21:30:17','0502','屏峰校区',0,'491611004','吥可救药ヾ');
INSERT INTO `jh_user` VALUES (28,'200926100514','李益','e10adc3949ba59abbe56e057f20f883e','计算机、软件学院','论坛-普通版主','-','-','计算机科学与技术','计算机0905','东十四#418','男','15068808186','526256',2,'2010-09-11 21:30:17','1990-05-16','屏峰校区',0,'87381997','子益');
INSERT INTO `jh_user` VALUES (29,'200926100413','李晓端','a7f1951af64912e5e6b1e757053b8b5b','计算机、软件学院','论坛-普通版主','-','-','计算机科学与技术','0904','东14#419','男','15068807567','526227',2,'2010-09-11 21:30:17','1990-05-28','屏峰校区',0,'280927216','潇洒XD');
INSERT INTO `jh_user` VALUES (30,'200802070127','张重正','ce3098a66b45d0454c324923fbe4ffc9','机械学院','论坛-普通版主','-','-','-','-','-','男','-','-',2,'2010-09-11 21:30:17','-','朝晖校区',1,'-','-');
INSERT INTO `jh_user` VALUES (31,'200808580114','陆景仪','08ddb3cc78c65ccf9b45a0e50bdf41ac','人文学院','论坛-普通版主','-','-','汉语言文学','0801','西八116','女','500177','500177',2,'2010-09-11 21:30:17','1990-02-11','屏峰校区',0,'304063404','牛皮纸');
INSERT INTO `jh_user` VALUES (32,'200726630415','王鑫鹏','e10adc3949ba59abbe56e057f20f883e','-','-','-','-','-','-','-','-','-','-',2,'2010-09-11 21:30:17','-','-',1,'-','-');
INSERT INTO `jh_user` VALUES (33,'200926630504','陈翊武','f95888c623df26c3941d6eb24d22ba15','计算机、软件学院','下载站部员','论坛-普通版主','-','软件工程','0905','东14#213','男','15068822070','516055',2,'2010-09-11 21:30:17','1991-11-19','屏峰校区',0,'402750224','街舞囝囝');
INSERT INTO `jh_user` VALUES (34,'200709550105','何琪添','e10adc3949ba59abbe56e057f20f883e','外语学院','下载站部员','-','-','日语','0701','西12','男','15858178120','640218',2,'2010-09-11 21:30:17','2010-09-26','屏峰校区',1,'125050655','ein');
INSERT INTO `jh_user` VALUES (35,'200926100408','冯超','e10adc3949ba59abbe56e057f20f883e','计算机、软件学院','前端部员','-','-','计算机科学与技术','计算机0904','419','男','15068807317','426213',2,'2010-09-11 21:30:17','1990-11-29','屏峰校区',0,'180939904','-');
INSERT INTO `jh_user` VALUES (36,'200826470215','邵铭','d7b5adca0634cefbb3c7b12689515bc0','计算机、软件学院','前端设计部-部长','-','-','数字媒体技术','0802','西十#501','女','15158133804','532508',6,'2010-09-11 21:30:17','1989-09-10','屏峰校区',1,'304943534','sunfish');
INSERT INTO `jh_user` VALUES (37,'200911050208','邵碧娴','6bedc512aac038191e0406c72473166e','艺术学院','视传部员','-','-','工业设计','0902','西5#408','女','15068839545','524659',2,'2010-09-11 21:30:17','1990-09-03','屏峰校区',0,'760415713','茅山道姑');
INSERT INTO `jh_user` VALUES (38,'200911290301','曹丹','9fd8301ac24fb88e65d9d7cd1dd1b1ec','艺术学院','视觉传达部-部长','电台部员','-','公共艺术设计','0901','西5#409','女','15068859520','659520',6,'2010-09-11 21:30:17','2010-12-28','屏峰校区',0,'525549491','夢遊');
INSERT INTO `jh_user` VALUES (39,'200924450310','华依文','e10adc3949ba59abbe56e057f20f883e','人文学院','视传部员','-','-','对外汉语','0901','西6','女','15068851539','517171',2,'2010-09-11 21:30:17','2010-09-20','屏峰校区',0,'249791976','小游鱼来鱼');
INSERT INTO `jh_user` VALUES (40,'2110910011','卜燕敏','e10adc3949ba59abbe56e057f20f883e','人文学院','视传部员','-','-','传播学','传播学09','西5#209','女','13588423329','-',2,'2010-09-11 21:30:17','2010-11-22','屏峰校区',1,'1048589733','2110910011');
INSERT INTO `jh_user` VALUES (41,'200819100126','王巍怀','9b63654bd1bab26ef5cd5fa4bdf9aee1','计算机、软件学院','服务器管理部员','-','-','数字媒体','0802','东10#517','男','15158131224','537161',2,'2010-09-11 21:30:17','1989-10-05','屏峰校区',0,'357111479','ercwang');
INSERT INTO `jh_user` VALUES (42,'200819100310','蒋一博','e10adc3949ba59abbe56e057f20f883e','计算机、软件学院','服务器管理部员','-','-','树自莓体计树','0801','东十523','男','15158131281','537227',2,'2010-09-11 21:30:17','10.23','屏峰校区',0,'47084864','yibojiang');
INSERT INTO `jh_user` VALUES (43,'200828800303','陈怿辉','e10adc3949ba59abbe56e057f20f883e','计算机、软件学院','后台程序开发部员','-','-','编码与测试','编码0803','东2#209','男','15158133881','532607',2,'2010-09-11 21:30:18','1988-10-17','屏峰校区',0,'252752391','街頭詩人');
INSERT INTO `jh_user` VALUES (44,'2110912057','刘金良','e10adc3949ba59abbe56e057f20f883e','-','-','-','-','-','-','-','-','-','-',2,'2010-09-11 21:30:18','-','-',1,'-','-');
INSERT INTO `jh_user` VALUES (45,'200826630726','赵博聪','e10adc3949ba59abbe56e057f20f883e','-','-','-','-','-','-','-','-','-','-',2,'2010-09-11 21:30:18','-','-',1,'-','-');
INSERT INTO `jh_user` VALUES (46,'200926100411','洪峰','6cd762ffd6e64cc1a0187a483465d6dc','计算机、软件学院','后台程序开发部员','论坛-普通版主','家园部员','计算机+自动化','0901','东14#501','男','15068807318','526214',2,'2010-09-11 21:30:18','1991-01-22','屏峰校区',0,'646907105','深之');
INSERT INTO `jh_user` VALUES (47,'200902040120','王飞帆','817c60a706d212bb4d2523ba7dd4fdad','机械学院','朝晖常务部长','-','-','工业工程','工业工程0901','尚5#208','男','15068836394','524587',6,'2010-09-11 21:30:18','1990-03-01','朝晖校区',0,'330726349','善良的灰灰');
INSERT INTO `jh_user` VALUES (48,'200905911103','高丽','e10adc3949ba59abbe56e057f20f883e','经贸学院','商铺部员','-','-','','-','东五','女','15068834405','524537',2,'2010-09-11 21:30:18','-','屏峰校区',1,'','迷上幻想');
INSERT INTO `jh_user` VALUES (49,'200905190234','陈泽镕','87eec1a4c98febbe8623139f05a0900c','经贸学院','-','-','-','国贸','国贸092','东3#105','男','13456775706','695706',2,'2010-09-11 21:30:18','1210农','屏峰校区',1,'289817167','czrandy52/喁喁');
INSERT INTO `jh_user` VALUES (50,'200909300614','胡艳巧','7f3a052d7da7130a8fe255a419bd5360','外语学院','组织部-部长','-','-','英语','096','西2#506','女','15068871370','518196',6,'2010-09-11 21:30:18','1990-10-19','屏峰校区',0,'513951487','花逊の大妈');
INSERT INTO `jh_user` VALUES (51,'200805910517','王珂','0196454653c67b25b82711c686a66817','经贸学院','常务办公室部员','-','-','财务管理','082','东五505','女','15158131883','539538',2,'2010-09-11 21:30:18','1990-06-12','屏峰校区',0,'330688658','Yoco');
INSERT INTO `jh_user` VALUES (52,'200901030322','叶克对','e10adc3949ba59abbe56e057f20f883e','-','-','-','-','-','-','-','-','-','-',2,'2010-09-11 21:30:18','-','-',1,'-','-');
INSERT INTO `jh_user` VALUES (53,'200903440115','阮涛','e10adc3949ba59abbe56e057f20f883e','信息学院','常务办公室部员','-','-','电子科学与技术','0901','东2#318','男','13758227795','514139',2,'2010-09-11 21:30:18','19910515','屏峰校区',0,'391725443','油炸鱼');
INSERT INTO `jh_user` VALUES (54,'200917330106','韩亚菲','e10adc3949ba59abbe56e057f20f883e','法学院','常务组织部部员','-','-','法学','法学0901','西14#117','女','13758247338','514481',3,'2010-09-11 21:30:18','1990-09-13','屏峰校区',0,'1172598968','hyf200917330106');
INSERT INTO `jh_user` VALUES (55,'200903120219','王楚','e10adc3949ba59abbe56e057f20f883e','信息学院','常务办公室部员','-','-','自动化','0902','西六525','女','15068880885','518688',2,'2010-09-11 21:30:18','1991-05-02','屏峰校区',0,'366252292','楚小楚（216388）');
INSERT INTO `jh_user` VALUES (56,'200926680111','潘卓恺','e10adc3949ba59abbe56e057f20f883e','计算机、软件学院','常务组织部部员','-','-','网络工程','0901','东14 102','男','15068847308','517089',2,'2010-09-11 21:30:18','','屏峰校区',1,'-','-');
INSERT INTO `jh_user` VALUES (57,'200810310116','陆彩虹','18e0d8f9b5c5b5ac949e06ed4f76d116','理学院','常务组织部部员','-','-','信息与计算科学','信计0801班','西5#304','女','15158134712','590272',2,'2010-09-11 21:30:18','1990-04-25','屏峰校区',0,'978762963','木子槿');
INSERT INTO `jh_user` VALUES (58,'200905910826','张晋江','e10adc3949ba59abbe56e057f20f883e','-','-','-','-','-','-','-','-','-','-',2,'2010-09-11 21:30:18','-','-',1,'-','-');
INSERT INTO `jh_user` VALUES (59,'200903080203','费泽坤','a1acf8803ebd2669b2095b9f89946791','信息学院','商铺部员','-','-','电气工程及其自动化','电气0902','东二#311','男','13758226257','514093',4,'2010-09-11 21:30:18','2010-09-24','屏峰校区',0,'-365367969','-仿真K');
INSERT INTO `jh_user` VALUES (60,'200719100404','陈昕','e10adc3949ba59abbe56e057f20f883e','国际学院','后台程序开发部员','-','-','外语','-','东10#404','男','15868458108','-',2,'2010-09-11 21:30:18','1989-07-17','屏峰校区',0,'79790705','深蓝传说');
INSERT INTO `jh_user` VALUES (61,'200903090218','王观峰','83751867915fac8decbc0d3bd40055f1','信息学院','精弘开源社区-负责人','-','-','-电子信息工程','-0902','-','男','-13758231197','-514232',6,'2010-09-11 21:30:18','1991-02-17','屏峰校区',0,'-644293315','-');
INSERT INTO `jh_user` VALUES (62,'200903090108','何宇航','e10adc3949ba59abbe56e057f20f883e','信息学院','常务组织部部员','-','-','电子信息工程','0901','东2#329','男','13758230175','514200',2,'2010-09-11 21:30:18','1991-03-20','屏峰校区',1,'391941248','-');
INSERT INTO `jh_user` VALUES (63,'200903110108','韩杰','e10adc3949ba59abbe56e057f20f883e','-','-','-','-','-','-','-','-','-','-',2,'2010-09-11 21:30:18','-','-',1,'-','-');
INSERT INTO `jh_user` VALUES (64,'200811290712','马喆','e10adc3949ba59abbe56e057f20f883e','艺术学院','视传部员','-','-','视觉传达','0807','西七301','女','13575462644','530931',2,'2010-09-11 21:30:18','1989-11-01','屏峰校区',1,'272405498','summerscent');
INSERT INTO `jh_user` VALUES (65,'200911290102','丁子航','c97d51fa7d9e725db21fbe22dd9214cf','艺术学院','电台部员','-','-','-多媒体与网页设计','--多媒体与网页设计0901','-东4#516','男','-15068859073','-517512',2,'2010-09-11 21:30:18','1990-08-25','屏峰校区',1,'-381724007','面试狂胖丁');
INSERT INTO `jh_user` VALUES (66,'200808580104','郭雅文','e10adc3949ba59abbe56e057f20f883e','-','-','-','-','-','-','-','-','-','-',2,'2010-09-11 21:30:18','-','-',1,'-','-');
INSERT INTO `jh_user` VALUES (67,'200818530208','胡剑云','e10adc3949ba59abbe56e057f20f883e','药学院','论坛-普通版主','-','-','药学','药学0802','尚八331','女','-','530565',2,'2010-09-11 21:30:18','-','朝晖校区',0,'472274613','靈軒');
INSERT INTO `jh_user` VALUES (68,'200926740210','林奇恩','e10adc3949ba59abbe56e057f20f883e','-','-','-','-','-','-','-','-','-','-',2,'2010-09-11 21:30:18','-','-',1,'-','-');
INSERT INTO `jh_user` VALUES (69,'200905720106','樊德义','e10adc3949ba59abbe56e057f20f883e','-','-','-','-','-','-','-','-','-','-',2,'2010-09-11 21:30:18','-','-',0,'-','-');
INSERT INTO `jh_user` VALUES (70,'200604140216','沈超','e10adc3949ba59abbe56e057f20f883e','-','-','-','-','-','-','-','-','-','-',2,'2010-09-11 21:30:18','-','-',1,'-','-');
INSERT INTO `jh_user` VALUES (71,'200801020411','康碧莹','648e2acede9518591ec8ecdec94e513c','化材学院','论坛-休闲娱乐区-超版','下载站部员','-','化学工程与工艺','化工08（5）化工自动化','尚3#1064','女','15158132107','537587',7,'2010-09-11 21:30:18','1990-09-21','朝晖校区',0,'345460101','莹glaze');
INSERT INTO `jh_user` VALUES (72,'200927920105','何侃伦','e10adc3949ba59abbe56e057f20f883e','政管学院','论坛-未来规划区-超版','论坛-学术科学区-超版','-','行政管理','0901','东1#205','男','15068852438','524706',7,'2010-09-11 21:30:18','1990-04-21','屏峰校区',0,'554938455','午木');
INSERT INTO `jh_user` VALUES (73,'200701020103','戴林','e10adc3949ba59abbe56e057f20f883e','化材学院','论坛-普通版主','-','-','化工工艺','化工工艺07(2)','尚4-115','男','15858229864','-644864',2,'2010-09-11 21:30:18','1989-3-15','朝晖校区',0,'363551531','david9864');
INSERT INTO `jh_user` VALUES (74,'200810310227','俞炉明','e10adc3949ba59abbe56e057f20f883e','-','-','-','-','-','-','-','-','-','-',2,'2010-09-11 21:30:18','-','-',0,'-','-');
INSERT INTO `jh_user` VALUES (75,'200803090213','洪鹏','e10adc3949ba59abbe56e057f20f883e','信息学院','常务活动部部员','-','-','电子信息工程','电信0802','东10#611','男','15158135438','533577',2,'2010-09-11 21:30:18','1990-02-01','屏峰校区',1,'524827065','hxxpxx');
INSERT INTO `jh_user` VALUES (76,'200626380119','王长乐','e10adc3949ba59abbe56e057f20f883e','-','-','-','-','-','-','-','-','-','-',2,'2010-09-11 21:30:18','-','-',1,'-','-');
INSERT INTO `jh_user` VALUES (77,'200817330317','苏宏治','e10adc3949ba59abbe56e057f20f883e','法学院','论坛-普通版主','-','-','法学','法学0803','东9','男','15158130792','536991',2,'2010-09-11 21:30:18','1990-03-17','屏峰校区',0,'774002407','云月明');
INSERT INTO `jh_user` VALUES (78,'200910620214','吕良','e10adc3949ba59abbe56e057f20f883e','-','-','-','-','-','-','-','-','-','-',2,'2010-09-11 21:30:18','-','-',0,'-','-');
INSERT INTO `jh_user` VALUES (79,'200904140211','乐立挺','e10adc3949ba59abbe56e057f20f883e','建工学院','商铺部员','-','-','给水排水工程','给排水092','尚9#415','男','13429306857','524129',2,'2010-09-11 21:30:18','1990-06-05','朝晖校区',0,'584494584','乐小衰');
INSERT INTO `jh_user` VALUES (80,'200803100111','林超','e10adc3949ba59abbe56e057f20f883e','-','-','-','-','-','-','-','-','-','-',2,'2010-09-11 21:30:18','-','-',1,'-','-');
INSERT INTO `jh_user` VALUES (81,'200702060126','曾阳','e10adc3949ba59abbe56e057f20f883e','机械学院','论坛-普通版主','-','-','过程装备与控制工程','0701','综合414','男','13625719349','649349',2,'2010-09-11 21:30:18','19890222','朝晖校区',0,'395825586','暗夜demom');
INSERT INTO `jh_user` VALUES (82,'200708270217','吴梦莎','e10adc3949ba59abbe56e057f20f883e','-','-','-','-','-','-','-','-','-','-',2,'2010-09-11 21:30:18','-','-',0,'-','-');
INSERT INTO `jh_user` VALUES (83,'200819100324','吴凯兵','e10adc3949ba59abbe56e057f20f883e','-','精弘开源社区-负责人','-','-','-','-','-','-','-','-',2,'2010-09-11 21:30:18','-','-',1,'-','-');
INSERT INTO `jh_user` VALUES (84,'2110901213','朱捷','fd13434c03daae933d8e548f1238df43','化材学院','论坛-普通版主','-','-','应用化学','应化094','梦6-201','男','13675893458','-',2,'2010-09-11 21:30:18','1987-04-26','朝晖校区',0,'309227326','鹤影寒渡');
INSERT INTO `jh_user` VALUES (85,'200710620129','郑乐行','e10adc3949ba59abbe56e057f20f883e','-','-','-','-','-','-','-','-','-','-',2,'2010-09-11 21:30:18','-','-',1,'-','-');
INSERT INTO `jh_user` VALUES (86,'200926630708','蒋利杰','7816ebc7df0b70ac037351d66fb1ba3c','计算机、软件学院','商铺部员','-','-','软件工程','0907','东14#322','男','15068822870','516134',2,'2010-09-11 21:30:18','1990-07-02','屏峰校区',0,'826000919','jaloz');
INSERT INTO `jh_user` VALUES (87,'200604160108','黄伟增','e10adc3949ba59abbe56e057f20f883e','-','-','-','-','-','-','-','-','-','-',2,'2010-09-11 21:30:18','-','-',1,'-','-');
INSERT INTO `jh_user` VALUES (88,'200802070410','金皖东','e10adc3949ba59abbe56e057f20f883e','-','-','-','-','-','-','-','-','-','-',2,'2010-09-11 21:30:18','-','-',0,'-','-');
INSERT INTO `jh_user` VALUES (89,'200709300225','叶莉乔','96fd299220dc221ee33b97dffa6bb013','外语学院','论坛-普通版主','-','-','英语','072','西三','女','13868063745','',2,'2010-09-11 21:30:18','2月16日','屏峰校区',1,'','Jorange');
INSERT INTO `jh_user` VALUES (90,'1110603008','戴欣华','e10adc3949ba59abbe56e057f20f883e','信息学院','论坛-普通版主','-','-','控制工程','博士','西1-317','男','13616719891','60013616719891',2,'2010-09-11 21:30:18','1976-06-25','屏峰校区',0,'236336270','狂风细雨');
INSERT INTO `jh_user` VALUES (91,'200711050302','陈欣','e10adc3949ba59abbe56e057f20f883e','艺术学院','家园部员','-','-','工业设计','-0703','-东五119','女','-15868457272','-697272',2,'2010-09-11 21:30:18','1989-10-09','屏峰校区',1,'-805043702','-yinyangyue');
INSERT INTO `jh_user` VALUES (92,'2110812016','王波','e10adc3949ba59abbe56e057f20f883e','教科学院','论坛-普通版主','-','-','教育技术学','08研','梦3-405','男','13675842996','652996',2,'2010-09-11 21:30:18','1983-12-04','朝晖校区',0,'107842515','kof波波');
INSERT INTO `jh_user` VALUES (93,'200702070423','唐鹏飞','e10adc3949ba59abbe56e057f20f883e','机械学院','论坛-普通版主','-','-','机自','0704','S5 523','男','649315','649315',2,'2010-09-11 21:30:18','1989-01-28','朝晖校区',0,'379355724','379355724');
INSERT INTO `jh_user` VALUES (94,'2110901261','阮璐璐','e10adc3949ba59abbe56e057f20f883e','-','-','-','-','-','-','-','-','-','-',2,'2010-09-11 21:30:18','-','-',1,'-','-');
INSERT INTO `jh_user` VALUES (95,'200602070521','吴锦谢','e10adc3949ba59abbe56e057f20f883e','-','-','-','-','-','-','-','-','-','-',2,'2010-09-11 21:30:18','-','-',1,'-','-');
INSERT INTO `jh_user` VALUES (96,'2110802030','邱杰','f2d141abeb9617d80e221c7656b4765b','机械学院','论坛-普通版主','-','-','-机械制造及其自动化','-研081班','-梦6','男','-13858098347','-558347',2,'2010-09-11 21:30:18','1986-10-18','朝晖校区',0,'-379007475','-毕加猪');
INSERT INTO `jh_user` VALUES (97,'200711430208','乔培远','f48d6c74a1f34afe1f9ee8bfe803cdce','艺术学院','论坛-普通版主','-','-','数字动画','0702','东四618','男','15858229171','675171',2,'2010-09-11 21:30:18','0422','屏峰校区',0,'510130312','贝壳哈姆');
INSERT INTO `jh_user` VALUES (98,'200601030130','朱亦博','e10adc3949ba59abbe56e057f20f883e','-','-','-','-','-','-','-','-','-','-',2,'2010-09-11 21:30:18','-','-',1,'-','-');
INSERT INTO `jh_user` VALUES (99,'200926410219','魏杰','c5c9007840fbb0d7d7f3cd4110eab61d','计算机、软件学院','论坛-普通版主','-','-','软件工程','-','-','男','13989899359','659953',2,'2010-09-11 21:30:18','-','屏峰校区',1,'653967725','Jordan也会怕');
INSERT INTO `jh_user` VALUES (100,'200727340111','李楠','c58faf037e7d350d30bb852a17acab10','信息学院','论坛-普通版主','论坛-普通版主','-','-电子科学与技术','-电科0701','-东十606','男','-13967109908','-649908',2,'2010-09-11 21:30:18','','屏峰校区',1,'-375749474','-fantasy0111');
INSERT INTO `jh_user` VALUES (101,'200701030328','朱鹏浩','e10adc3949ba59abbe56e057f20f883e','化材学院','精弘家园-产品经理','-','-','分析','0803','尚4-514','男','15858229223','641223',2,'2010-09-11 21:30:18','2010-11-16','朝晖校区',1,'375523875','南夕小木');
INSERT INTO `jh_user` VALUES (102,'200717330108','贾盛','e10adc3949ba59abbe56e057f20f883e','-','论坛-普通版主','-','-','-','-','-','-','-','-',2,'2010-09-11 21:30:18','-','-',1,'-','-');
INSERT INTO `jh_user` VALUES (103,'200808280131','朱宏劼','e10adc3949ba59abbe56e057f20f883e','-','-','-','-','-','-','-','-','-','-',2,'2010-09-11 21:30:18','-','-',1,'-','-');
INSERT INTO `jh_user` VALUES (104,'200701020325','周伟杰','e10adc3949ba59abbe56e057f20f883e','化材学院','论坛-普通版主','下载站部员','-','工程','071','s4111','男','15868463351','643351',2,'2010-09-11 21:30:18','2010-09-14','朝晖校区',0,'715686477','wjzhou');
INSERT INTO `jh_user` VALUES (105,'200705170102','陈一令','436fcac258115e874ad04e4d0b11e82a','经贸学院','论坛-普通版主','-','-','财务管理','0702','西九','女','-','645810',2,'2010-09-11 21:30:18','1988-01-29','屏峰校区',1,'61493842','左小麦');
INSERT INTO `jh_user` VALUES (106,'2110902023','李文俊','e10adc3949ba59abbe56e057f20f883e','机械学院','论坛-普通版主','-','-','机械制造及自动化','机制研091','梦5 113','男','13634190885','562745',2,'2010-09-11 21:30:18','1985-10-06','朝晖校区',1,'249497083','Nerazzurri-Li');
INSERT INTO `jh_user` VALUES (107,'200702750113','金敏伟','0bae2e8377b90c3010cfc1930cab7335','机械学院','论坛-休闲娱乐区-超版','论坛-普通版主','-','-','-','-','男','-','-697722',2,'2010-09-11 21:30:18','1989-09-16','朝晖校区',0,'-419875481','-卡兮卡');
INSERT INTO `jh_user` VALUES (108,'200601030205','龚渊','e10adc3949ba59abbe56e057f20f883e','化材学院','论坛-普通版主','-','-','-有机化学','-有机物化105','-梦5-207','男','-','-',2,'2010-09-11 21:30:18','1988-03-12','朝晖校区',0,'-264183001','-');
INSERT INTO `jh_user` VALUES (109,'200702040209','黄周伟','e10adc3949ba59abbe56e057f20f883e','机械学院','论坛-校园生活区-超版','-','-','工业工程','工业工程0702','尚5#318','男','15858178857','-687588',6,'2010-09-11 21:30:18','','朝晖校区',0,'3525033112','千寒');
INSERT INTO `jh_user` VALUES (110,'200926410115','沈彦蓁','e10adc3949ba59abbe56e057f20f883e','-','-','-','-','-','-','-','-','-','-',2,'2010-09-11 21:30:18','-','-',1,'-','-');
INSERT INTO `jh_user` VALUES (111,'200504130125','叶敏强','e10adc3949ba59abbe56e057f20f883e','-','-','-','-','-','-','-','-','-','-',2,'2010-09-11 21:30:18','-','-',1,'-','-');
INSERT INTO `jh_user` VALUES (112,'200610730202','冯里婧','e10adc3949ba59abbe56e057f20f883e','理学院','论坛-普通版主','-','-','数学与应用数学','0602','西6#517','女','13656642150','-',2,'2010-09-11 21:30:18','-','屏峰校区',1,'101013000','stockard');
INSERT INTO `jh_user` VALUES (113,'200705190110','林梦嫚','e10adc3949ba59abbe56e057f20f883e','-','论坛-普通版主','-','-','-','-','-','-','-','-',2,'2010-09-11 21:30:19','-','-',1,'-','-');
INSERT INTO `jh_user` VALUES (114,'1110804001','陈超','e10adc3949ba59abbe56e057f20f883e','-','-','-','-','-','-','-','-','-','-',2,'2010-09-11 21:30:19','-','-',1,'-','-');
INSERT INTO `jh_user` VALUES (115,'2240707032','滕小波','e10adc3949ba59abbe56e057f20f883e','-','-','-','-','-','-','-','-','-','-',2,'2010-09-11 21:30:19','-','-',1,'-','-');
INSERT INTO `jh_user` VALUES (116,'2110805084','董重','e10adc3949ba59abbe56e057f20f883e','生环学院','论坛-普通版主','-','-','-','-','-','男','-','-',2,'2010-09-11 21:30:19','-','朝晖校区',0,'-','-sarsar');
INSERT INTO `jh_user` VALUES (117,'200606240214','李作刚','e10adc3949ba59abbe56e057f20f883e','-','-','-','-','-','-','-','-','-','-',2,'2010-09-11 21:30:19','-','-',1,'-','-');
INSERT INTO `jh_user` VALUES (118,'200703080211','金佳露','e10adc3949ba59abbe56e057f20f883e','信息学院','论坛-普通版主','常务活动部部员','-','-电气','-0702','-东3#428','男','15858229976','-649976',2,'2010-09-11 21:30:19','1989-11-17','屏峰校区',1,'-519805583','-无聊的云');
INSERT INTO `jh_user` VALUES (119,'200618360119','王捷敏','e10adc3949ba59abbe56e057f20f883e','-','-','-','-','-','-','-','-','-','-',2,'2010-09-11 21:30:19','-','-',1,'-','-');
INSERT INTO `jh_user` VALUES (120,'200617330114','潘裔','e10adc3949ba59abbe56e057f20f883e','-','-','-','-','-','-','-','-','-','-',2,'2010-09-11 21:30:19','-','-',1,'-','-');
INSERT INTO `jh_user` VALUES (121,'200711050309','李箐','d1b222a579339580abaefcf3e6ce98fc','艺术学院','论坛-文化艺术区-超版','-','-','-','-','-','女','-13625814128','-644128',6,'2010-09-11 21:30:19','1990-09-30','屏峰校区',0,'-873792726','-天上银雪');
INSERT INTO `jh_user` VALUES (122,'200604160217','王帆','e10adc3949ba59abbe56e057f20f883e','-','-','-','-','-','-','-','-','-','-',2,'2010-09-11 21:30:19','-','-',1,'-','-');
INSERT INTO `jh_user` VALUES (123,'200711050308','金玲佳','e10adc3949ba59abbe56e057f20f883e','-','-','-','-','-','-','-','-','-','-',2,'2010-09-11 21:30:19','-','-',1,'-','-');
INSERT INTO `jh_user` VALUES (124,'200828800321','王天安','e10adc3949ba59abbe56e057f20f883e','-','-','-','-','-','-','-','-','-','-',2,'2010-09-11 21:30:19','-','-',1,'-','-');
INSERT INTO `jh_user` VALUES (125,'200611290110','刘语嫣','e10adc3949ba59abbe56e057f20f883e','-','-','-','-','-','-','-','-','-','-',2,'2010-09-11 21:30:19','-','-',1,'-','-');
INSERT INTO `jh_user` VALUES (126,'200708270130','赵慧玲','e10adc3949ba59abbe56e057f20f883e','-','-','-','-','-','-','-','-','-','-',2,'2010-09-11 21:30:19','-','-',1,'-','-');
INSERT INTO `jh_user` VALUES (127,'200603100427','杨曌','e10adc3949ba59abbe56e057f20f883e','-','-','-','-','-','-','-','-','-','-',2,'2010-09-11 21:30:19','-','-',1,'-','-');
INSERT INTO `jh_user` VALUES (128,'200701620129','郑乐行','e10adc3949ba59abbe56e057f20f883e','-','-','-','-','-','-','-','-','-','-',2,'2010-09-11 21:30:19','-','-',1,'-','-');
INSERT INTO `jh_user` VALUES (129,'200710730127','张炜','e10adc3949ba59abbe56e057f20f883e','-','-','-','-','-','-','-','-','-','-',2,'2010-09-11 21:30:19','-','-',1,'-','-');
INSERT INTO `jh_user` VALUES (130,'200718360416','王乐凯','fdc60e355b13449beafb886e5adf3525','经贸学院','论坛总监','论坛-电脑网络区-超版','论坛-精弘网络以及精弘站务区-超版','国贸3+1','','梦一507','男','13735411918','641918',2,'2010-09-11 21:30:19','1990-03-20','朝晖校区',1,'369914606','乐凯');
INSERT INTO `jh_user` VALUES (131,'200703090203','傅渭军','e10adc3949ba59abbe56e057f20f883e','信息学院','论坛-普通版主','-','-','-','-','-','-','-','-',2,'2010-09-11 21:30:19','-','屏峰校区',0,'-','-6666');
INSERT INTO `jh_user` VALUES (132,'200603100209','金波','e10adc3949ba59abbe56e057f20f883e','-','-','-','-','-','-','-','-','-','-',2,'2010-09-11 21:30:19','-','-',1,'-','-');
INSERT INTO `jh_user` VALUES (133,'200703090205','顾旦青','e10adc3949ba59abbe56e057f20f883e','-','-','-','-','-','-','-','-','-','-',2,'2010-09-11 21:30:19','-','-',1,'-','-');
INSERT INTO `jh_user` VALUES (134,'200609550115','孙建琴','e10adc3949ba59abbe56e057f20f883e','-','-','-','-','-','-','-','-','-','-',2,'2010-09-11 21:30:19','-','-',1,'-','-');
INSERT INTO `jh_user` VALUES (135,'200701010224','张国飞','e10adc3949ba59abbe56e057f20f883e','化材学院','论坛-普通版主','-','-','-材料科学工程','-高分子成型0702','-尚德2#112','男','-15868461619','-697619',2,'2010-09-11 21:30:19','1987-10-02','朝晖校区',0,'-635020097','-张小毒');
INSERT INTO `jh_user` VALUES (136,'200604130109','李凯克','e10adc3949ba59abbe56e057f20f883e','-','-','-','-','-','-','-','-','-','-',2,'2010-09-11 21:30:19','-','-',1,'-','-');
INSERT INTO `jh_user` VALUES (137,'200701020326','朱秋莲','e10adc3949ba59abbe56e057f20f883e','-','-','-','-','-','-','-','-','-','-',2,'2010-09-11 21:30:19','-','-',1,'-','-');
INSERT INTO `jh_user` VALUES (138,'201026410118','王前','e10adc3949ba59abbe56e057f20f883e','计算机、软件学院','论坛-普通版主','-','-','软件工程','(3+2)  1班','东2#218','男','-15868458363','-689363',2,'2010-09-11 21:30:19','1989-10-24','屏峰校区',0,'-407278091','-wangqian2008');
INSERT INTO `jh_user` VALUES (139,'200802750130','朱洒洒','c940bb4cd98820bf9ecf2bada31d7e15','机械学院','论坛-普通版主','-','-','-车辆工程','-车辆0801','-综合311','男','-15158132717','-537914',2,'2010-09-11 21:30:19','-','朝晖校区',0,'-841420384','Jayie');
INSERT INTO `jh_user` VALUES (140,'200605190420','许楠','e10adc3949ba59abbe56e057f20f883e','-','-','-','-','-','-','-','-','-','-',2,'2010-09-11 21:30:19','-','-',1,'-','-');
INSERT INTO `jh_user` VALUES (141,'2110812017','程祥春','89975c5e5d407916e8080d137c48ddd7','教科学院','论坛-普通版主','-','-','-','-','-','男','-','-',2,'2010-09-11 21:30:19','-','朝晖校区',1,'-','-神哭泣');
INSERT INTO `jh_user` VALUES (142,'200619100208','高宇滨','e10adc3949ba59abbe56e057f20f883e','-','-','-','-','-','-','-','-','-','-',2,'2010-09-11 21:30:19','-','-',1,'-','-');
INSERT INTO `jh_user` VALUES (143,'2110912005','陈会兵','597ff5e3128062733aa2c7bdbc56e909','计算机、软件学院','产品总监','-','-','计算机软件与理论','计算机软件与理论091','x11#220','男','13738170345','685430',7,'2010-09-11 21:30:19','1988-06-18','屏峰校区',0,'568586021','chenhb1988');
INSERT INTO `jh_user` VALUES (144,'200719100130','徐侃','e10adc3949ba59abbe56e057f20f883e','信息学院','论坛-普通版主','-','-','通信工程','0703','东十','男','-','680735',2,'2010-09-11 21:30:19','','屏峰校区',1,'505907983','element2007');
INSERT INTO `jh_user` VALUES (145,'200728800427','余益翡','e10adc3949ba59abbe56e057f20f883e','-','论坛-普通版主','-','-','-','-','-','-','-','-',2,'2010-09-11 21:30:19','-','-',1,'-','-流落·凡尘');
INSERT INTO `jh_user` VALUES (146,'200703100414','孟凡悦','e10adc3949ba59abbe56e057f20f883e','-','-','-','-','-','-','-','-','-','-',2,'2010-09-11 21:30:19','-','-',1,'-','-');
INSERT INTO `jh_user` VALUES (147,'200901020714','任奕丞','e10adc3949ba59abbe56e057f20f883e','化材学院','下载站部员','论坛-普通版主','-','化学工程与工艺','化学工程0901','尚2#402','男','15158064933','515136',2,'2010-09-11 21:30:19','1991-01-11','朝晖校区',0,'408758063','ryc111');
INSERT INTO `jh_user` VALUES (148,'200705570227','赵旭东','e10adc3949ba59abbe56e057f20f883e','-','-','-','-','-','-','-','-','-','-',2,'2010-09-11 21:30:19','-','-',0,'-','-');
INSERT INTO `jh_user` VALUES (150,'200904160608','梁宇钟','9bbde746f98f67d54d03faebc7180af4','建工学院','朝晖常务部员','-','-','土木工程','0906','尚九102','男','15068846218','-517080',2,'2010-09-11 21:30:19','1991-09-10','朝晖校区',0,'501610985','johnlyz');
INSERT INTO `jh_user` VALUES (151,'200926100501','陈博','e784ac8e42322b17eae672684f404e41','计算机、软件学院','下载站部员','论坛-普通版主','-','计算机+自动化','0902','东14','男','15068808156','526255',6,'2010-09-11 21:30:19','5.12','屏峰校区',0,'261824039','孤风傲月');
INSERT INTO `jh_user` VALUES (152,'200828800218','舒晓莎','e10adc3949ba59abbe56e057f20f883e','-','-','-','-','-','-','-','-','-','-',2,'2010-09-11 21:30:19','-','-',1,'-','-');
INSERT INTO `jh_user` VALUES (153,'200810620212','任加勒','e10adc3949ba59abbe56e057f20f883e','-','-','-','-','-','-','-','-','-','-',2,'2010-09-11 21:30:19','-','-',1,'-','-');
INSERT INTO `jh_user` VALUES (154,'200803100303','陈皓','e10adc3949ba59abbe56e057f20f883e','-','-','-','-','-','-','-','-','-','-',2,'2010-09-11 21:30:19','-','-',1,'-','-');
INSERT INTO `jh_user` VALUES (155,'200808270124','杨蕾','e10adc3949ba59abbe56e057f20f883e','人文学院','精弘Feel电台-台长','-','-','-广电','-0801','-西八509','女','-15158134921','-590446',2,'2010-09-11 21:30:19','1990-07-06','屏峰校区',1,'-396929764','-依妮格雪');
INSERT INTO `jh_user` VALUES (156,'200627770223','叶伟豪','e10adc3949ba59abbe56e057f20f883e','-','-','-','-','-','-','-','-','-','-',2,'2010-09-11 21:30:19','-','-',1,'-','-');
INSERT INTO `jh_user` VALUES (157,'200610620203','陈响文','e10adc3949ba59abbe56e057f20f883e','-','-','-','-','-','-','-','-','-','-',2,'2010-09-11 21:30:19','-','-',1,'-','-');
INSERT INTO `jh_user` VALUES (158,'200709300329','张亚芳','e10adc3949ba59abbe56e057f20f883e','-','精弘家园-产品经理','-','-','-','-','-','-','-','-',2,'2010-09-11 21:30:19','-','-',1,'-','-');
INSERT INTO `jh_user` VALUES (159,'200708270313','李莹','e10adc3949ba59abbe56e057f20f883e','-','精弘资讯-产品经理','-','-','-','-','-','-','-','-',2,'2010-09-11 21:30:19','-','-',1,'-','-');
INSERT INTO `jh_user` VALUES (160,'200908480106','邓惠文','e10adc3949ba59abbe56e057f20f883e','-','-','-','-','-','-','-','-','-','-',2,'2010-09-11 21:30:19','-','-',1,'-','-');
INSERT INTO `jh_user` VALUES (161,'200908480111','管箫筝','e10adc3949ba59abbe56e057f20f883e','-','-','-','-','-','-','-','-','-','-',2,'2010-09-11 21:30:19','-','-',1,'-','-');
INSERT INTO `jh_user` VALUES (162,'200708270123','姚震宇','e10adc3949ba59abbe56e057f20f883e','-','-','-','-','-','-','-','-','-','-',2,'2010-09-11 21:30:19','-','-',1,'-','-');
INSERT INTO `jh_user` VALUES (163,'200708270314','刘佳佳','e10adc3949ba59abbe56e057f20f883e','-','-','-','-','-','-','-','-','-','-',2,'2010-09-11 21:30:19','-','-',1,'-','-');
INSERT INTO `jh_user` VALUES (164,'200808580211','刘金燕','e10adc3949ba59abbe56e057f20f883e','-','-','-','-','-','-','-','-','-','-',2,'2010-09-11 21:30:19','-','-',1,'-','-');
INSERT INTO `jh_user` VALUES (165,'200808270229','邹华','e10adc3949ba59abbe56e057f20f883e','-','-','-','-','-','-','-','-','-','-',2,'2010-09-11 21:30:19','-','-',1,'-','-');
INSERT INTO `jh_user` VALUES (166,'200808280114','楼思南','e10adc3949ba59abbe56e057f20f883e','-','资讯部员','-','-','-','-','-','-','-','-',2,'2010-09-11 21:30:19','-','-',1,'-','-');
INSERT INTO `jh_user` VALUES (167,'200828850123','邢锟','e10adc3949ba59abbe56e057f20f883e','计算机、软件学院','精弘资讯-产品经理','-','-','-电脑艺术设计','-0801','-东2#121','男','-15158133963','-532711',2,'2010-09-11 21:30:19','1990-12-03','屏峰校区',1,'-88179839','-kitta88');
INSERT INTO `jh_user` VALUES (168,'200828850215','唐惠立','e10adc3949ba59abbe56e057f20f883e','-','-','-','-','-','-','-','-','-','-',2,'2010-09-11 21:30:19','-','-',1,'-','-');
INSERT INTO `jh_user` VALUES (169,'200808270223','杨洁','54cbd3f25108c5d42e8ad0ea1e24039a','人文学院','精弘下载-产品经理','论坛-普通版主','-','-广电','-08','-西苑','女','-15158134959','-590477',6,'2010-09-11 21:30:19','1990-06-08','屏峰校区',0,'-339705629','-喜羊羊');
INSERT INTO `jh_user` VALUES (170,'200808580101','郭雅文','e10adc3949ba59abbe56e057f20f883e','-','电台部员','-','-','-','-','-','-','-','-',2,'2010-09-11 21:30:19','-','-',1,'-','-');
INSERT INTO `jh_user` VALUES (171,'200808280314','刘腾飞','e10adc3949ba59abbe56e057f20f883e','-','-','-','-','-','-','-','-','-','-',2,'2010-09-11 21:30:19','-','-',1,'-','-');
INSERT INTO `jh_user` VALUES (172,'200808280308','郝天骄','e10adc3949ba59abbe56e057f20f883e','-','电台部员','-','-','-','-','-','-','-','-',2,'2010-09-11 21:30:19','-','-',1,'-','-');
INSERT INTO `jh_user` VALUES (173,'200808580111','李帮彬','e10adc3949ba59abbe56e057f20f883e','经贸学院','电台部员','-','-','企业管理','0802班','东9#610','男','15158133347','531937',2,'2010-09-11 21:30:19','1989-05-14','屏峰校区',0,'404021310','天源');
INSERT INTO `jh_user` VALUES (174,'MA090029','赵陆恬','e10adc3949ba59abbe56e057f20f883e','-','-','-','-','-','-','-','-','-','-',2,'2010-09-11 21:30:19','-','-',1,'-','-');
INSERT INTO `jh_user` VALUES (175,'200911290106','林治','c47051a3a78fef2efcb96e4560a5c7d0','艺术学院','家园部员','视传部员','-','多媒体网页设计','-多媒体0901','-东4.212','男','-15068859103','-517518',2,'2010-09-11 21:30:19','1990-02-17','屏峰校区',0,'-416253617','-LINZHI0217');
INSERT INTO `jh_user` VALUES (176,'200826630116','王驰涛','e10adc3949ba59abbe56e057f20f883e','-','-','-','-','-','-','-','-','-','-',2,'2010-09-11 21:30:19','-','-',1,'-','-');
INSERT INTO `jh_user` VALUES (177,'200826630107','柳毅','e10adc3949ba59abbe56e057f20f883e','-','-','-','-','-','-','-','-','-','-',2,'2010-09-11 21:30:19','-','-',1,'-','-');
INSERT INTO `jh_user` VALUES (178,'200909300310','李奕明','e10adc3949ba59abbe56e057f20f883e','-','-','-','-','-','-','-','-','-','-',2,'2010-09-11 21:30:19','-','-',1,'-','-');
INSERT INTO `jh_user` VALUES (179,'200803440110','何伟','e10adc3949ba59abbe56e057f20f883e','-','-','-','-','-','-','-','-','-','-',2,'2010-09-11 21:30:19','-','-',1,'-','-');
INSERT INTO `jh_user` VALUES (180,'200824450115','罗妙辉','e10adc3949ba59abbe56e057f20f883e','-','-','-','-','-','-','-','-','-','-',2,'2010-09-11 21:30:19','-','-',1,'-','-');
INSERT INTO `jh_user` VALUES (181,'200902540213','吕超帅','e10adc3949ba59abbe56e057f20f883e','-','-','-','-','-','-','-','-','-','-',2,'2010-09-11 21:30:19','-','-',1,'-','-');
INSERT INTO `jh_user` VALUES (182,'200926410101','蔡鑫梅','e10adc3949ba59abbe56e057f20f883e','-','-','-','-','-','-','-','-','-','-',2,'2010-09-11 21:30:19','-','-',1,'-','-');
INSERT INTO `jh_user` VALUES (183,'200919100324','姚枫','e1437dbb0ded94e194763ca4c0bc358e','国际学院','后台程序开发部员','-','-','计算机科学与技术','0903','东10-412','男','518536','-',2,'2010-09-11 21:30:19','','屏峰校区',0,'170587364','听临');
INSERT INTO `jh_user` VALUES (184,'200708270318','彭铭泽','e10adc3949ba59abbe56e057f20f883e','人文学院','后台程序开发部员','-','-','广播电视新闻系','广电073','东9#502','男','15868490089','-648089',2,'2010-09-11 21:30:19','1.26','屏峰校区',0,'312703401','mingzepeng');
INSERT INTO `jh_user` VALUES (185,'200926630710','罗锋','a56eca19413162f313d170516465cbd8','计算机、软件学院','后台程序开发部员','-','-','软件工程','软件工程0907','东14#322','男','15068822857','516133',2,'2010-09-11 21:30:19','1991-01-08','屏峰校区',0,'1179749793','诺亚');
INSERT INTO `jh_user` VALUES (186,'200926680223','杨阳','e10adc3949ba59abbe56e057f20f883e','-','-','-','-','-','-','-','-','-','-',2,'2010-09-11 21:30:19','-','-',1,'-','-');
INSERT INTO `jh_user` VALUES (187,'200926740325','叶永娜','e10adc3949ba59abbe56e057f20f883e','-','-','-','-','-','-','-','-','-','-',2,'2010-09-11 21:30:19','-','-',1,'-','-');
INSERT INTO `jh_user` VALUES (188,'200926630713','沈奇鹏','e10adc3949ba59abbe56e057f20f883e','计算机、软件学院','后台程序开发部员','-','-','-','-','-','男','15068822667','516119',2,'2010-09-11 21:30:19','1991-10-29','屏峰校区',0,'369545986','sproc');
INSERT INTO `jh_user` VALUES (189,'200711290711','沈梦怡','e10adc3949ba59abbe56e057f20f883e','-','-','-','-','-','-','-','-','-','-',2,'2010-09-11 21:30:19','-','-',1,'-','-');
INSERT INTO `jh_user` VALUES (190,'200711290703','程凌云','e10adc3949ba59abbe56e057f20f883e','-','-','-','-','-','-','-','-','-','-',2,'2010-09-11 21:30:19','-','-',1,'-','-');
INSERT INTO `jh_user` VALUES (191,'200711290702','陈亿茹','e10adc3949ba59abbe56e057f20f883e','-','-','-','-','-','-','-','-','-','-',2,'2010-09-11 21:30:19','-','-',1,'-','-');
INSERT INTO `jh_user` VALUES (192,'200711290706','赖以希','e10adc3949ba59abbe56e057f20f883e','-','-','-','-','-','-','-','-','-','-',2,'2010-09-11 21:30:19','-','-',1,'-','-');
INSERT INTO `jh_user` VALUES (193,'200911290917','张天增','e10adc3949ba59abbe56e057f20f883e','-','-','-','-','-','-','-','-','-','-',2,'2010-09-11 21:30:19','-','-',1,'-','-');
INSERT INTO `jh_user` VALUES (194,'200811291010','竺蕾蕾','e10adc3949ba59abbe56e057f20f883e','-','-','-','-','-','-','-','-','-','-',2,'2010-09-11 21:30:19','-','-',1,'-','-');
INSERT INTO `jh_user` VALUES (195,'200811291007','李硕盛','e10adc3949ba59abbe56e057f20f883e','-','-','-','-','-','-','-','-','-','-',2,'2010-09-11 21:30:19','-','-',1,'-','-');
INSERT INTO `jh_user` VALUES (196,'200919100301','鲍方','e10adc3949ba59abbe56e057f20f883e','-','-','-','-','-','-','-','-','-','-',2,'2010-09-11 21:30:19','-','-',1,'-','-');
INSERT INTO `jh_user` VALUES (197,'200901020426','于洲','e10adc3949ba59abbe56e057f20f883e','化材学院','视传部员','-','-','化学工艺+计算机','工艺（2）班','尚二326','男','15068885754','525509',2,'2010-09-11 21:30:19','1991-01-22','朝晖校区',1,'397833313','shadowdaw');
INSERT INTO `jh_user` VALUES (198,'200806250224','许帆','f379eaf3c831b04de153469d1bec345e','生环学院','服务器管理部员','-','-','食品','-','尚7#422','男','13757166167','584440',2,'2010-09-11 21:30:19','-','朝晖校区',0,'83178951','xufan6');
INSERT INTO `jh_user` VALUES (199,'200926740114','吕靖强','e10adc3949ba59abbe56e057f20f883e','-','-','-','-','-','-','-','-','-','-',2,'2010-09-11 21:30:19','-','-',1,'-','-');
INSERT INTO `jh_user` VALUES (200,'200926740216','任成','e10adc3949ba59abbe56e057f20f883e','-','-','-','-','-','-','-','-','-','-',2,'2010-09-11 21:30:19','-','-',1,'-','-');
INSERT INTO `jh_user` VALUES (201,'200803090109','林相德','3935e1963e939991996d971a9b8977d5','信息学院','服务器管理部员','论坛-电脑网络区-超版','-','电子信息工程','0801','东10#614','男','15158135403','533540',6,'2010-09-11 21:30:19','1990-07-21','屏峰校区',0,'124966602','lxd722');
INSERT INTO `jh_user` VALUES (202,'200926740312','陆露','e10adc3949ba59abbe56e057f20f883e','-','-','-','-','-','-','-','-','-','-',2,'2010-09-11 21:30:19','-','-',1,'-','-');
INSERT INTO `jh_user` VALUES (203,'200703090222','徐栋','c62d929e7b7e7b6165923a5dfc60cb56','信息学院','服务器部-部长','-','-','电子信息工程','0702','东3-303','男','15858229856','684658',6,'2010-09-11 21:30:19','1988-12-13','屏峰校区',0,'22829608','thomaspaine');
INSERT INTO `jh_user` VALUES (204,'200903120128','赵洋','e10adc3949ba59abbe56e057f20f883e','-','-','-','-','-','-','-','-','-','-',2,'2010-09-11 21:30:19','-','-',1,'-','-');
INSERT INTO `jh_user` VALUES (205,'200902540219','闻声','e10adc3949ba59abbe56e057f20f883e','机械学院','商铺部员','-','-','测控技术与仪器','0902','尚2#216','男','13758264730','-513775',2,'2010-09-11 21:30:20','1992-01-23','朝晖校区',0,'550116852','懒洋洋');
INSERT INTO `jh_user` VALUES (206,'200902540221','徐怡','e10adc3949ba59abbe56e057f20f883e','机械学院','商铺部员','-','-','测控技术与仪器','0902','尚2#216','男','13758264786','513777',2,'2010-09-11 21:30:20','1991-12-08','朝晖校区',0,'1071542626','-');
INSERT INTO `jh_user` VALUES (207,'200901030316','王鹏','b28b05b5c8e602a4d4ebb9122842f249','化材学院','后台程序开发部员','-','-','应用电化学09(01)','09(01)','尚德2-116','男','15068863682','517820',2,'2010-09-11 21:30:20','1991-03-26','朝晖校区',0,'517454870','wpeng326');
INSERT INTO `jh_user` VALUES (208,'200902070822','许鹏杰','e10adc3949ba59abbe56e057f20f883e','机械学院','商铺部员','-','-','机械工程及自动化','机械工程及自动化0908','尚9#711','男','15068845257','526037',2,'2010-09-11 21:30:20','1991-11-29','朝晖校区',0,'478589381','兰色∨s枫叶');
INSERT INTO `jh_user` VALUES (209,'200907420227','许剑波','e1f17ec35cf77fd4ba3c7b6a3af59db8','教科学院','商铺部员','-','-','安全工程','安工0902','尚6-205','男','13758241375','513352',4,'2010-09-11 21:30:20','1990-03-27','朝晖校区',0,'339249440','移动移不动');
INSERT INTO `jh_user` VALUES (210,'200918360421','唐弋奥','e10adc3949ba59abbe56e057f20f883e','药学院','精弘商铺-产品经理','论坛-普通版主','-','生物制药','0902','尚12  112','男','15068876273','518405',6,'2010-09-11 21:30:20','1992-07-03','朝晖校区',0,'772796173','林苏');
INSERT INTO `jh_user` VALUES (211,'200903110128','张彤','e10adc3949ba59abbe56e057f20f883e','信息学院','商铺部员','-','-','通信','0901','东二#528','男','15068833051','516699',2,'2010-09-11 21:30:20','','屏峰校区',0,'674006121','几多愁');
INSERT INTO `jh_user` VALUES (212,'200904140210','金汉峰','e10adc3949ba59abbe56e057f20f883e','-','-','-','-','-','-','-','-','-','-',2,'2010-09-11 21:30:20','-','-',1,'-','-');
INSERT INTO `jh_user` VALUES (213,'200910320222','俞瑞泰','6f1a0f10ce1797ad29260dfe43a98d64','理学院','常务办公室部员','-','-','应用物理','0902','东1#613','男','15068866558','517913',2,'2010-09-11 21:30:20','','屏峰校区',0,'422875418','edtiger');
INSERT INTO `jh_user` VALUES (214,'200926100503','陈贤雕','e10adc3949ba59abbe56e057f20f883e','-','-','-','-','-','-','-','-','-','-',2,'2010-09-11 21:30:20','-','-',1,'-','-');
INSERT INTO `jh_user` VALUES (215,'200911050120','朱作君','e10adc3949ba59abbe56e057f20f883e','艺术学院','常务活动部部员','-','-','工设','0901','西5#503','女','15068839478','524654',2,'2010-09-11 21:30:20','1990-07-15','屏峰校区',0,'43087277','蟹炒年糕');
INSERT INTO `jh_user` VALUES (216,'200926740316','沈珊珊','e10adc3949ba59abbe56e057f20f883e','-','-','-','-','-','-','-','-','-','-',2,'2010-09-11 21:30:20','-','-',1,'-','-');
INSERT INTO `jh_user` VALUES (217,'200926740319','王晓萍','e10adc3949ba59abbe56e057f20f883e','-','-','-','-','-','-','-','-','-','-',2,'2010-09-11 21:30:20','-','-',1,'-','-');
INSERT INTO `jh_user` VALUES (218,'200828800208','金霄','e10adc3949ba59abbe56e057f20f883e','计算机、软件学院','前端部员','-','-','-软件技术','-0802','-东2#206','男','15158133856','532575',2,'2010-09-11 21:30:20','1990-02-07','屏峰校区',1,'-315232021','-');
INSERT INTO `jh_user` VALUES (219,'200926100430','郑诚','e10adc3949ba59abbe56e057f20f883e','计算机、软件学院','前端部员','-','-','计算机科学与技术','计算机科学与技术0904','东14 420','男','15068807221','526208',2,'2010-09-11 21:30:20','1991-06-07','屏峰校区',0,'370567301','真诚');
INSERT INTO `jh_user` VALUES (220,'200904160519','王金马','872a41e614cdd01f335dbbd2d82bcd55','建工学院','技术总监','-','-','土木工程','0905班','尚9#111','男','15068839665','517032',7,'2010-09-11 21:30:20','1990-10-09','朝晖校区',0,'455940742','kima');
INSERT INTO `jh_user` VALUES (221,'200803100224','徐琳迪','e10adc3949ba59abbe56e057f20f883e','计算机、软件学院','后台程序开发部-部长','-','-','计算机专业','计算机0802','西13#212','男','15158135642','533685',6,'2010-09-11 21:30:20','1990-12-06','屏峰校区',0,'744257564','xuld');
INSERT INTO `jh_user` VALUES (222,'200911050209','孙可','e10adc3949ba59abbe56e057f20f883e','艺术学院','办公室-主任','-','-','工业设计','0902','西五#408','女','15068839943','524666',6,'2010-09-11 21:30:20','2010-09-02','屏峰校区',0,'1206171084','牛牛来了');
INSERT INTO `jh_user` VALUES (223,'200911050215','肖倩妮','5697f4bb2a73500a1f1119d639ab240e','艺术学院','主席团','-','-','工业设计','0902','西五#408','女','15068839498','524656',1,'2010-09-11 21:30:20','1991-05-29','屏峰校区',0,'345852562','铅笔小呢');
INSERT INTO `jh_user` VALUES (224,'200826490130','邹跃丰','e10adc3949ba59abbe56e057f20f883e','-','-','-','-','-','-','-','-','-','-',2,'2010-09-11 21:30:20','-','-',1,'-','-');
INSERT INTO `jh_user` VALUES (225,'200910620213','刘正','f047c215bc2908045838e271e7e500d0','理学院','服务器管理部员','-','-','光信息科学与技术','0902','东一#618','男','15068860646','524889',2,'2010-09-11 21:30:20','1990-7-12','屏峰校区',0,'408852058','liuzheng');
INSERT INTO `jh_user` VALUES (226,'200709300609','胡益霞','e10adc3949ba59abbe56e057f20f883e','-','-','-','-','-','-','-','-','-','-',2,'2010-09-11 21:30:20','1987-03-26','-',1,'-','-');
INSERT INTO `jh_user` VALUES (227,'200902040119','孙少军','480630af8e0635fd550f695a58feaed8','机械学院','下载站部员','论坛-普通版主','家园部员','工业工程','0901','尚五203','男','15068836439','524591',2,'2010-09-17 05:03:17','1990-03-28','朝晖校区',0,'625742518','Mè↘(ㄅ傷');
INSERT INTO `jh_user` VALUES (228,'200810320113','金栋铭','e10adc3949ba59abbe56e057f20f883e','理学院','论坛-普通版主','-','-','应用物理学','0801','东8#222','男','15158134635','634635',2,'2010-09-18 20:01:33','1990-04-27','屏峰校区',0,'285946485','windyfly');
INSERT INTO `jh_user` VALUES (229,'2110910009','杨帆','985c199e2f3b3a3bb7a155052edd38ed','人文学院','论坛-普通版主','-','-','古代文学','','西11#110','男','15158065295','515334',2,'2010-09-18 20:28:40','','屏峰校区',0,'371763287','TseYung');
INSERT INTO `jh_user` VALUES (230,'201001391420','殷嘉月','b2c843f86b1e213e450b617daa8e5142','化材学院','常务办公室部员','-','-','化学类','14','东苑11号 104','女','18767117784','514468',2,'2010-09-18 23:16:52','1992-06-06','屏峰校区',0,'562094988','除却巫山');
INSERT INTO `jh_user` VALUES (231,'201008280205','何珊','70028658328c3c71ddca24240df7cf3d','人文学院','常务办公室部员','-','-','广告学','201002','家和西苑15幢415','女','18767119301','523461',2,'2010-09-18 23:21:29','1992-05-28','屏峰校区',1,'1550700510','');
INSERT INTO `jh_user` VALUES (232,'201008280203','范俊霞','3bef2722d0e6afc04767cc77ab68a3ee','人文学院','常务活动部部员','-','-','广告学','二班','家和西苑15幢415寝室','女','18768140232','630232',2,'2010-09-18 23:23:18','农历二月初四','屏峰校区',0,'599035821','');
INSERT INTO `jh_user` VALUES (233,'201001390707','蒋琪','e10adc3949ba59abbe56e057f20f883e','化材学院','常务组织部部员','-','-','化学工程与材料类','7班','东11#118','女','18767116874  ','513443',2,'2010-09-18 23:25:41','2011-09-07','屏峰校区',0,'1037560204','');
INSERT INTO `jh_user` VALUES (234,'201002040113','沈周敏','0e3490347c12ff9e2de0329d21567df3','机械学院','常务活动部部员','-','-','工业工程','1班','东苑6号楼124寝室','男','18767118247','514661',2,'2010-09-18 23:26:25','1992-08-31','屏峰校区',0,'377091023','');
INSERT INTO `jh_user` VALUES (235,'201005190210','沈灵智','45a140fd1547ae6746b7a0fa3c2cee6b','经贸学院','常务办公室部员','-','-','国际经济与贸易','1002','西15*220','女','18767123483','519524',2,'2010-09-18 23:27:57','1992-01-17','屏峰校区',0,'807143947','');
INSERT INTO `jh_user` VALUES (236,'201002070220','吴伟剑','819cf1304065c4ae95f2babaf8a03fd7','机械学院','常务组织部部员','-','-','机械工程及自动化','机自1002班','东6#203','男','18767118947','515272',2,'2010-09-18 23:28:37','1992-10-22','屏峰校区',1,'346885822','vvvjake');
INSERT INTO `jh_user` VALUES (237,'201018360412','李鑫业','99e4cc0fc5199527e8cccaf0a87954bb','药学院','常务活动部部员','-','-','生物制药','生药2班','东苑15幢212室','男','18767121501','527105',2,'2010-09-18 23:31:23','3.15','屏峰校区',0,'17703206','lxy520');
INSERT INTO `jh_user` VALUES (238,'201005910620','王懿娟','1030807442780fb1fc6dc149716f6260','经贸学院','常务组织部部员','-','-','工商管理','06','425','女','18767117815','519951',2,'2010-09-18 23:32:02','1992-05-16','屏峰校区',1,'1284864747','九九玥');
INSERT INTO `jh_user` VALUES (239,'201001390310','莫雅雯','af510c2dfb04fa68af7b2c7ea78c7060','化材学院','常务活动部部员','-','-','化学类','化材3班','东11#112','女','18767116436','513145',2,'2010-09-18 23:40:08','1992-07-24','屏峰校区',1,'27607374','雯');
INSERT INTO `jh_user` VALUES (240,'201005190203','冯李丹','4b383ede4a8aa9aa675e812237c3639d','经贸学院','常务组织部部员','-','-','国贸','02','西15   220','女','18767123476','519514',2,'2010-09-18 23:46:52','1991-11-19','屏峰校区',0,'1479826952','');
INSERT INTO `jh_user` VALUES (241,'200917330421','吴菲菲','1c020611e3b753925ffc8af8745c0556','-','论坛-普通版主','-','-','','','','-','','',2,'2010-09-19 01:19:46','','屏峰校区',0,'124878397','LSphanx');
INSERT INTO `jh_user` VALUES (242,'200803080219','王俊俏','e10adc3949ba59abbe56e057f20f883e','计算机、软件学院','论坛-普通版主','-','-','计算机科学与技术','计算机0801','西苑13#206','男','15158135386','533521',2,'2010-09-19 06:17:05','1989-02-14','屏峰校区',0,'774367334','超级DD');
INSERT INTO `jh_user` VALUES (243,'200828800223','应顺帆','e10adc3949ba59abbe56e057f20f883e','计算机、软件学院','论坛-普通版主','-','-','编码与测试','0802','东2 208','男','','',2,'2010-09-19 07:35:32','','屏峰校区',0,'1058926966','stop_lian');
INSERT INTO `jh_user` VALUES (244,'2110902070','何瑞江','e10adc3949ba59abbe56e057f20f883e','机械学院','论坛-普通版主','-','-','机械电子工程','研0903','梦7 213','男','13735573321','685123',2,'2010-09-20 06:04:50','1986-11-01','朝晖校区',0,'347898013','酷炎二代');
INSERT INTO `jh_user` VALUES (245,'200803080221','谢宇琪','e10adc3949ba59abbe56e057f20f883e','信息学院','下载站部员','-','-','电气工程及其自动化','0802','东1#611','男','15158135389','533524',2,'2010-09-20 07:24:45','1990-08-13','屏峰校区',0,'648379625','小爱ing');
INSERT INTO `jh_user` VALUES (246,'杨国华','杨国华','e10adc3949ba59abbe56e057f20f883e',NULL,NULL,NULL,NULL,NULL,NULL,NULL,NULL,NULL,NULL,6,'2010-09-22 22:46:52',NULL,NULL,0,NULL,NULL);
INSERT INTO `jh_user` VALUES (247,'章大良','章大良','e10adc3949ba59abbe56e057f20f883e',NULL,NULL,NULL,NULL,NULL,NULL,NULL,NULL,NULL,NULL,6,'2010-09-22 22:47:05',NULL,NULL,0,NULL,NULL);
INSERT INTO `jh_user` VALUES (249,'200903080202','方颂','de233ac2de7f94fe215946489d50ecf6','信息学院','下载站部员','-','-','电气工程及其自动化','电气0902','东2#322','男','13758226081','514082',2,'2010-09-26 21:21:09','1990-06-14','屏峰校区',0,'540832777','_monitor');
INSERT INTO `jh_user` VALUES (250,'201003120325','徐磊','e10adc3949ba59abbe56e057f20f883e','信息学院','下载站部员','-','-','自动化','1003','','男','18767121543','518972 ',2,'2010-09-26 21:21:50','2010-09-27','屏峰校区',1,'227970392','不觉已鸣晓');
INSERT INTO `jh_user` VALUES (251,'201005190219','姚凯斌','e10adc3949ba59abbe56e057f20f883e','经贸学院','常务活动部部员','下载站部员','-','国贸','1002','东苑','男','18767123495','519537',2,'2010-09-26 21:22:14','2010-09-27','屏峰校区',0,'444074953','Miku');
INSERT INTO `jh_user` VALUES (252,'200902070607','郭强','e10adc3949ba59abbe56e057f20f883e','机械学院','下载站部员','-','-','机自','','','男','15068842672','525946 ',2,'2010-09-26 21:22:53','','朝晖校区',1,'316981285','onlineguo');
INSERT INTO `jh_user` VALUES (253,'200803100326','张臻','60e90bb199fe27c7a349f28c15a101dd','计算机、软件学院','下载站部员','论坛-普通版主','-','计算机','0803','西苑','男','13575458657','530011',2,'2010-09-26 21:23:19','2009-02-22','屏峰校区',0,'302739385','Nastia');
INSERT INTO `jh_user` VALUES (254,'201018590126 ','应一君','e10adc3949ba59abbe56e057f20f883e','药学院','商铺部员','-','-','中药学','中药1001','东7#506','女','18767121651','527223',2,'2010-09-26 21:25:29','1992-02-24','屏峰校区',0,'769885274','');
INSERT INTO `jh_user` VALUES (255,'201003090121 ','王跃为','e10adc3949ba59abbe56e057f20f883e','信息学院','商铺部员','-','-','电信','电信01','东18#108','男','18767120542','518061',2,'2010-09-26 21:26:59','1990-12-30','屏峰校区',1,'857339600','');
INSERT INTO `jh_user` VALUES (256,'201026810404 ','陈琦','e10adc3949ba59abbe56e057f20f883e','计算机、软件学院','商铺部员','-','-','计算机','1004','东15#413','男','18767122273','527721',2,'2010-09-26 21:27:40','1991-02-18','屏峰校区',1,'448764699','');
INSERT INTO `jh_user` VALUES (257,'200801020626','章洁','36e1a5072c78359066ed7715f5ff3da8','化材学院','视传部员','-','-','化工技术与贸易','0804','尚德3#1068','女','15158132185','537680',2,'2010-09-26 21:27:51','1989-07-13','朝晖校区',1,'648753382','zhangjie');
INSERT INTO `jh_user` VALUES (258,'201002070113 ','裘金婧','e10adc3949ba59abbe56e057f20f883e','机械学院','商铺部员','-','-','机械工程及其自动化','机自01','东11#507','女','18767118745','515138',2,'2010-09-26 21:28:00','1991-08-10','屏峰校区',0,'1519287629','');
INSERT INTO `jh_user` VALUES (259,'201001391416 ','吴思聪','56775563708465a10d7f7d80baa357db','化材学院','商铺部员','-','-','化材','14','东11#104','女','18767117749','514450',2,'2010-09-26 21:28:55','1990.12.29','屏峰校区',0,'974142566','0618wusicong');
INSERT INTO `jh_user` VALUES (260,'201026810407 ','黄军','e10adc3949ba59abbe56e057f20f883e','计算机、软件学院','商铺部员','-','-','计算机','1004','东15#415','男','18767122278','527724',2,'2010-09-26 21:29:53','2010-09-29','屏峰校区',0,'843526722','河的第三岸');
INSERT INTO `jh_user` VALUES (261,'201001391430 ','周翔','e10adc3949ba59abbe56e057f20f883e','化材学院','商铺部员','-','-','化材','1014','东17#608','男','18767117845','514501',2,'2010-09-26 21:30:59','1991-09-28','屏峰校区',0,'490553981','tracyxiang5');
INSERT INTO `jh_user` VALUES (263,'201001391516 ','王进','e10adc3949ba59abbe56e057f20f883e','-','-','-','-','','','','-','','',0,'2010-09-26 21:35:27','','-',1,'','');
INSERT INTO `jh_user` VALUES (264,'200826630712','楼旭明','ac3a34fa910e067ad3383b8c58cdf5f0','计算机、软件学院','服务器管理部员','-','-','软件工程','软工0807','西13#318','男','15158133675','532335',2,'2010-09-26 21:38:44','1990-10-01','屏峰校区',0,'108240921','水痴');
INSERT INTO `jh_user` VALUES (265,'200718100324','金力','e10adc3949ba59abbe56e057f20f883e','-','-','-','-','','','','-','','',0,'2010-09-26 21:43:33','','-',1,'','');
INSERT INTO `jh_user` VALUES (266,'200926100112','李璧影','437fc24c075452d9586e2e98fbcbdb65','计算机、软件学院','视传部员','-','-','计算机科学与技术','0901','西10#512','女','15068846603','526103',2,'2010-09-26 21:43:46','1990-11-07','屏峰校区',1,'297305458','Aerin');
INSERT INTO `jh_user` VALUES (267,'200911290911','孙伊丽','e10adc3949ba59abbe56e057f20f883e','艺术学院','视传部员','-','-','视觉传达','0901','西七#211','女','15068861693','517714',2,'2010-09-26 21:44:25','1991-06-26','屏峰校区',1,'276537782','mibumibao');
INSERT INTO `jh_user` VALUES (268,'200911290913','王玮颖','e10adc3949ba59abbe56e057f20f883e','艺术学院','视传部员','-','-','视觉传达','0901','西七#211','女','15068861836','517723',2,'2010-09-26 21:45:13','1990-02-11','屏峰校区',1,'373891264','sunaquarius');
INSERT INTO `jh_user` VALUES (269,'201002540103','龚约翰','6ebd50f2655f575b87d4203d260efdd4','机械学院','前端部员','-','-','测控技术与仪器','1001','东6，101','男','18767119845','516711',2,'2010-09-26 21:46:03','1991-09-21','屏峰校区',0,'446480993','');
INSERT INTO `jh_user` VALUES (270,'201004160110','宓传伟','d8e6e8819d4d0daccb81e758ae2e5d50','建工学院','前端部员','-','-','土木','1001','东六505','男','519286','519286',2,'2010-09-26 21:47:31','','屏峰校区',0,'490194187','');
INSERT INTO `jh_user` VALUES (271,'2111003143','陈圆','03612e71fb2f2c8077dd4c0b34b1f292','信息学院','服务器管理部员','-','-','模式识别与智能系统','控制1003','西苑12#320','男','18767123573','528616',2,'2010-09-26 21:51:04','1987-06-04','屏峰校区',0,'280438337','butian');
INSERT INTO `jh_user` VALUES (272,'200802540123','杨时建','e8f58703e621d57170300c2a79b00be4','机械学院','服务器管理部员','-','-','测控技术与仪器','0801','综合楼 324','男','15158132651','512651',2,'2010-09-26 21:51:51','1989-06-16','朝晖校区',0,'970841448','zgdysj');
INSERT INTO `jh_user` VALUES (273,'201004150222','徐爱力','c33367701511b4f6020ec61ded352059','建工学院','后台程序开发部员','-','-','建筑学','1002','东6#430','男','18767122472','519222',2,'2010-09-26 21:52:34','2010-10-03','屏峰校区',0,'362198920','徐爱力');
INSERT INTO `jh_user` VALUES (274,'200819100327','吴逸君','e10adc3949ba59abbe56e057f20f883e','-','开源社区部员','-','-','','','','-','','',2,'2010-09-26 21:56:08','','-',0,'','');
INSERT INTO `jh_user` VALUES (275,'200819100303','柴达龙','2aaab8db0225dfe0d08926c65a558e31','计算机、软件学院','开源社区部员','-','-','软件工程','0805','东10#522','男','15158131274','537218',2,'2010-09-26 21:56:30','1990-12-16','屏峰校区',0,'381433459','longterry');
INSERT INTO `jh_user` VALUES (276,'200819100329','徐鸿杰','e10adc3949ba59abbe56e057f20f883e','-','开源社区部员','-','-','','','','-','','',2,'2010-09-26 21:57:03','','-',0,'','');
INSERT INTO `jh_user` VALUES (277,'201005570207','楼劼','e10adc3949ba59abbe56e057f20f883e','-','-','-','-','','','','-','','',2,'2010-09-26 21:57:39','','-',1,'','');
INSERT INTO `jh_user` VALUES (278,'201026811713','陆王延 ','e10adc3949ba59abbe56e057f20f883e',NULL,NULL,NULL,NULL,NULL,NULL,NULL,NULL,NULL,NULL,2,'2010-09-26 21:58:01',NULL,NULL,0,NULL,NULL);
INSERT INTO `jh_user` VALUES (279,'201001391007','钱佳斌','e10adc3949ba59abbe56e057f20f883e',NULL,NULL,NULL,NULL,NULL,NULL,NULL,NULL,NULL,NULL,2,'2010-09-26 21:58:16',NULL,NULL,0,NULL,NULL);
INSERT INTO `jh_user` VALUES (280,'201027920408','胡梦君','7408d44d0186291107267efde7fdfe4c','政管学院','活动部-部长','资讯部员','-','政管','1004','西15.619','女','18767123123','528332',6,'2010-09-26 22:13:26','1994-01-26','屏峰校区',0,'805479053','2008jun__love');
INSERT INTO `jh_user` VALUES (281,'200903080207','孔维宁','e10adc3949ba59abbe56e057f20f883e','机械学院','资讯部员','-','-','电气工程及自动化','电气0902','东2#311','男','13758223258','514061',2,'2010-09-26 22:13:41','1992-11-04','屏峰校区',0,'535190016','俄罗斯企鹅');
INSERT INTO `jh_user` VALUES (282,'201003090113','李改改','e10adc3949ba59abbe56e057f20f883e','信息学院','资讯部员','-','-','电信','1001','东7#320','女','18767120498','518023',2,'2010-09-26 22:13:56','2010-09-15','屏峰校区',1,'1543554786','小改');
INSERT INTO `jh_user` VALUES (283,'201001390318','吴鹏鹦','1d2376e6cb61b6043f67d2ea5bb574e5','化材学院','资讯部员','-','-','化学工程与材料','03','东11#112室','女','18767116455','513158',2,'2010-09-26 22:14:13','1991-08-16','屏峰校区',0,'857116232','流年偶遇');
INSERT INTO `jh_user` VALUES (284,'201018350124','张京京','39363c0c82f2c0b7093b80eb63b900c4','药学院','资讯部员','-','-','药物制剂','1001','东7#425','女','18767121217','526964',2,'2010-09-26 22:14:31','1993-03-18','屏峰校区',0,'674877427','青铜J');
INSERT INTO `jh_user` VALUES (286,'200910310221','俞天宇','3f1fba33130e63cc2cfbaad93f215601','理学院','电台部员','-','-','信息与计算科学','信息与计算科学0902','东1-626','男','15068856607','517352',2,'2010-09-26 22:18:56','1990-10-12','屏峰校区',0,'353754371','酱油已打');
INSERT INTO `jh_user` VALUES (287,'200908580203','程洁','e10adc3949ba59abbe56e057f20f883e','人文学院','电台部员','-','-','中文','中文0902','西6#304','女','15068881614','525388',2,'2010-09-26 22:19:15','1990-03-27','屏峰校区',0,'819437354','莳悦勿忧');
INSERT INTO `jh_user` VALUES (288,'200908560109','刘心治','e10adc3949ba59abbe56e057f20f883e','人文学院','电台部员','-','-','播音','0902','东九','男','13758242120','513378',2,'2010-09-26 22:20:15','1991-04-14','屏峰校区',0,'691106715','llxxzz08');
INSERT INTO `jh_user` VALUES (289,'200908560219','徐雨南','e10adc3949ba59abbe56e057f20f883e','人文学院','电台部员','-','-','播音','0902','西六#229','女','13758243375','513431',2,'2010-09-26 22:27:24','1992-04-10','屏峰校区',0,'598894532','徐雨南');
INSERT INTO `jh_user` VALUES (290,'200808280325','颜元滔','e10adc3949ba59abbe56e057f20f883e','人文学院','电台部员','-','-','广告','0803','西八418','女','15158133328','531913',2,'2010-09-26 22:27:45','1989-06-26','屏峰校区',1,'148129843','夏末');
INSERT INTO `jh_user` VALUES (291,'200908560119','叶沈蓉','ff0763b9de8990e8a123d427dec06d5d','人文学院','电台部员','-','-','播音主持','0901','西6 107','-','13758242873','513402',2,'2010-09-26 22:31:35','1990-06-19','屏峰校区',1,'1146432887','天边的流星');
INSERT INTO `jh_user` VALUES (292,'200908270121','张缘','e10adc3949ba59abbe56e057f20f883e','人文学院','视传部员','电台部员','-','广电','0901','家和西苑6幢406','女','15068861734','524917',2,'2010-09-26 22:31:58','1991-04-10','屏峰校区',0,'380107457','ashinzhang17');
INSERT INTO `jh_user` VALUES (293,'200908480127','钟韵','d6600396f74c984760660adbe96e4ccc','人文学院','精弘Feel电台-台长','-','-','对外汉语','0901','西6#302','女','13758236927','514381',6,'2010-09-26 22:34:48','1991-09-10','屏峰校区',0,'461647614','旋@木');
INSERT INTO `jh_user` VALUES (294,'200908560227','周奕武','e10adc3949ba59abbe56e057f20f883e','人文学院','电台部员','电台部员','电台部员','播音','0902','东九423','男','13758243963','513450',2,'2010-09-26 22:35:06','2010-05-24','屏峰校区',0,'386369845','周一五');
INSERT INTO `jh_user` VALUES (295,'200809300111','黄新新','e10adc3949ba59abbe56e057f20f883e','外语学院','电台部员','-','-','英语','081','西二#221','女','15158135171','533283',2,'2010-09-26 22:36:04','1990-01-16','屏峰校区',0,'394027956','梦幻浅紫');
INSERT INTO `jh_user` VALUES (296,'200909300616','金晓丹','e10adc3949ba59abbe56e057f20f883e','外语学院','电台部员','-','-','英语','0906','西二#509','女','15068871371','518197',2,'2010-09-26 22:37:07','1991-11-20','屏峰校区',0,'694810592','0金针菇0');
INSERT INTO `jh_user` VALUES (297,'200903090217','唐瑞琮','7bec453a3ab374e8ef1c94e6ded715a2','信息学院','电台部员','-','-','电子信息工程','0902','东二 327','男','13625770737','514239',2,'2010-09-26 22:37:30','1990-07-27','屏峰校区',1,'178905090','');
INSERT INTO `jh_user` VALUES (298,'200827920217','夏琛','e10adc3949ba59abbe56e057f20f883e','政管学院','电台部员','-','-','公共管理类','公管0802','西4#104','女','13575463125','531014',2,'2010-09-26 22:38:10','1989-11-17','屏峰校区',0,'986784328','小桃子');
INSERT INTO `jh_user` VALUES (299,'200907420225','徐丽贤','ac55d86e85df97de488f6081f4a3b93d','教科学院','朝晖常务部员','-','-','安全工程','0902','尚三3058','女','13758234913','513303',2,'2010-09-26 22:54:49','1991-02-14','朝晖校区',0,'626902366','');
INSERT INTO `jh_user` VALUES (300,'200904160523','杨力峰','3cdb05ec2a9b92156a80e2f3afcea46f','建工学院','朝晖常务部员','-','-','土木工程','0905班','尚九109','男','15068839753','517042',2,'2010-09-26 22:55:32','1990-09-21','朝晖校区',0,'289471686','尨尨');
INSERT INTO `jh_user` VALUES (301,'200907420226','徐瑶阳','e10adc3949ba59abbe56e057f20f883e','生环学院','朝晖常务部员','-','-','食品科学与工程','0901','尚德3号楼3058','女','13758240919','513343',2,'2010-09-26 22:58:39','1991-10-30','朝晖校区',0,'403055280','');
INSERT INTO `jh_user` VALUES (302,'200902060124','杨勇','fc1fc1c948dbcc463b41b0f684ee3932','机械学院','朝晖常务部员','-','-','过程装备与控制工程','0901','尚五108','男','15068875148','525216',2,'2010-09-26 22:59:19','1989-08-02','朝晖校区',0,'359476955','青子呦鹿');
INSERT INTO `jh_user` VALUES (303,'200907420229','姚志琴','e10adc3949ba59abbe56e057f20f883e','生环学院','朝晖常务部员','-','-','食品科学与工程','食品0902','尚德三3058','女','13758240397','513329',2,'2010-09-26 22:59:55','1990-05-24','朝晖校区',0,'553214364','小毛菜');
INSERT INTO `jh_user` VALUES (304,'200902540227','赵奎','e10adc3949ba59abbe56e057f20f883e','机械学院','朝晖常务部员','-','-','测控','0902班','尚5，102','男','13758264692','513770',2,'2010-09-26 23:00:38','1990-06-18','朝晖校区',0,'970057791','');
INSERT INTO `jh_user` VALUES (305,'200904160522','徐文斌','711b5d8fe72c0da71e7d8e1373a85068','建工学院','朝晖常务部员','-','-','土木工程+工程管理','土木工程0905','尚九-111','男','15068839673','517033',2,'2010-09-26 23:10:19','1989-10-17','朝晖校区',0,'1170216510','Vern!!');
INSERT INTO `jh_user` VALUES (306,'200901020204','郭英巧','74cbe7113b1c11f0d70452400790bc84','化材学院','朝晖常务部员','-','-','工艺+英语','0902','尚3#1042','女','15068884124','525463',2,'2010-09-26 23:12:20','1991-08-04','朝晖校区',0,'750696046','');
INSERT INTO `jh_user` VALUES (307,'201026811813','林子圣','e10adc3949ba59abbe56e057f20f883e','计算机、软件学院','商铺部员','-','-','电气信息类','计算机1018班','东15#615','男','18767122973','528211',2,'2010-09-26 23:28:28','1992-07-08','屏峰校区',0,'463153408','');
INSERT INTO `jh_user` VALUES (308,'200705170125','张昀珩','e10adc3949ba59abbe56e057f20f883e','经贸学院','电台部员','论坛-普通版主','-','财务管理','072','西九208','女','15858179134','643134',2,'2010-09-26 23:30:32','1989-04-06','屏峰校区',0,'344525669','满小淡');
INSERT INTO `jh_user` VALUES (309,'200908560113','钱艺','e10adc3949ba59abbe56e057f20f883e','人文学院','电台部员','-','-','广播电视新闻','0901','西6-203','女','13758242571','513392',2,'2010-09-26 23:37:59','1991-06-28','屏峰校区',0,'','');
INSERT INTO `jh_user` VALUES (310,'201002040116','王涛','e10adc3949ba59abbe56e057f20f883e','机械学院','常务活动部部员','-','-','工业工程','1001','东苑6号 124','男','18767118254','514668',2,'2010-09-27 12:14:56','1991-10-12','屏峰校区',0,'349995358','茶多酚');
INSERT INTO `jh_user` VALUES (312,'200924450307','冯佳佳','e10adc3949ba59abbe56e057f20f883e','健行学院','电台部员','-','-','财管','0903','西十','女','15068851901','517184',2,'2010-09-27 21:01:23','1991-01-12','屏峰校区',0,'747191223','中美');
INSERT INTO `jh_user` VALUES (313,'201011290705','崔艳梅','348430eea3e98142362fbd0fce2d822c','艺术学院','视传部员','-','-','视觉传达','1007','东11#605','女','18767120721','526568',2,'2010-09-27 21:22:00','1990-08-28','屏峰校区',0,'838210154','112860');
INSERT INTO `jh_user` VALUES (314,'200902040111','梁世武','e10adc3949ba59abbe56e057f20f883e','机械学院','朝晖常务部员','-','-','工业工程','工业工程0901','尚德园⑤号楼203','男','15068835934','524579',1,'2010-10-22 23:06:07','1991-09-21','朝晖校区',0,'349738243','');
INSERT INTO `jh_user` VALUES (316,'200917330108','胡琼方','e10adc3949ba59abbe56e057f20f883e','法学院','精弘家园-产品经理','论坛-普通版主','-','法学','法学0901班','西14,117','女','13758240798','514457',6,'2010-11-02 21:28:29','1992-02-28','屏峰校区',0,'356333705','低调~');
INSERT INTO `jh_user` VALUES (317,'200917330109','季玲骅','fa7337fde2a15453b4e28d3ab7a099cd','法学院','常务组织部部员','-','-','法学','0901','西14#117','女','13758243038','514467',2,'2010-11-02 21:28:53','1991-02-08','屏峰校区',0,'1017545734','');
INSERT INTO `jh_user` VALUES (318,'200911050213','王苹','80538fff9c5ca0d8c70f1b4364cb8223','艺术学院','常务组织部部员','-','-','工业设计','0902','西5-408','女','15068839846','524664',3,'2010-11-02 21:33:38','1992-01-03','屏峰校区',0,'270482702','');
INSERT INTO `jh_user` VALUES (319,'200827920311','陆晓华','1e0ca144a3d31a24b0d54a9da3ab052c','政管学院','论坛-普通版主','-','-','人力资源管理模块','公管0803','','女','13575463275','531039',2,'2010-11-09 21:33:01','','屏峰校区',0,'767922659','lovelymind');
INSERT INTO `jh_user` VALUES (320,'2111011031','吴珺楠','251a69bfb4cd9ebef25c388663c78174','政管学院','论坛-普通版主','-','-','教育经济与管理','教管10级','东苑七号222寝室','女','15967147271','648271',2,'2010-11-28 08:33:47','1987-10-17','屏峰校区',0,'477630471','陌尘');
INSERT INTO `jh_user` VALUES (321,'200801010102','陈群','e10adc3949ba59abbe56e057f20f883e','化材学院','论坛-普通版主','-','-','功能','0804','218','男','','537299',2,'2010-12-04 20:03:56','','朝晖校区',0,'373673290','xchen120');
INSERT INTO `jh_user` VALUES (322,'200801010104',' 陈哲','e10adc3949ba59abbe56e057f20f883e','化材学院','论坛-普通版主','-','-','高分子材料','高分子材料0801','','-','15158131348','666348',2,'2010-12-04 20:34:32','','朝晖校区',0,'490913278','cabcz');
INSERT INTO `jh_user` VALUES (323,'200809300511','孟欢','4adc465b3c68f746f239f886ecfacf18','外语学院','论坛-普通版主','-','-','英语','Y085','西二111','女','15158135292','533416',2,'2010-12-04 20:54:26','2010-11-29','屏峰校区',0,'496908509','mishi');
INSERT INTO `jh_user` VALUES (324,'200810310124','闫欣雅','10f2af41d78c8857fb6ccaa0298ea2ac','理学院','论坛-普通版主','-','-','信息与计算科学','0801','','-','','590281',2,'2010-12-04 21:59:13','','屏峰校区',0,'541000012','阳光宅宅');
INSERT INTO `jh_user` VALUES (325,'200817330315','石燕超','e10adc3949ba59abbe56e057f20f883e','机械学院','论坛-普通版主','论坛-普通版主','论坛-普通版主','车辆','车辆0801','综合311','男','15158130790','536989',2,'2010-12-04 22:34:29','2010-10-21','朝晖校区',0,'461342237','工大口水站');
INSERT INTO `jh_user` VALUES (326,'200717330627','张林峰','e10adc3949ba59abbe56e057f20f883e','法学院','论坛-普通版主','-','-','法学','0706','东四314','男','15858229710','680179',2,'2010-12-05 19:17:10','1989-01-29','屏峰校区',0,'776426777','fenggel');
INSERT INTO `jh_user` VALUES (327,'200918590119','徐芬','e10adc3949ba59abbe56e057f20f883e','药学院','论坛-普通版主','-','-','','','','女','','',2,'2010-12-05 19:18:08','','朝晖校区',0,'','');
INSERT INTO `jh_user` VALUES (328,'200926100515 ','廖刘承','e2a173982b2dfa1b8d26a447e6b6c7c0','计算机、软件学院','论坛-普通版主','-','-','（计算机+自动化）科学与技术','计自0902','东14#523','男','15068808661','526277',2,'2010-12-05 19:21:14','1991-10-30','屏峰校区',0,'992258873','喝口凉茶');
INSERT INTO `jh_user` VALUES (329,'200811290911','盛业慧','e10adc3949ba59abbe56e057f20f883e','艺术学院','资讯部员','-','-','视觉传达','多媒体与网页设计0809','西七#109','女','13575461644','530682',2,'2010-12-13 23:10:42','1989-11-16','屏峰校区',0,'930795830','yehui56580');
INSERT INTO `jh_user` VALUES (330,'200927920115','施琦','1bad33ecfb3d61208c8d924e8d77470b','政管学院','电台部员','-','-','公共管理','公管0901','西3#222','女','15068852684','524717',2,'2010-12-14 10:54:38','1991-08-19','屏峰校区',0,'475514556','conanqiqi');
INSERT INTO `jh_user` VALUES (331,'201018590105','房纯纯','e10adc3949ba59abbe56e057f20f883e','-','-','-','-','','','','-','','',2,'2010-12-14 10:55:22','','-',1,'','');
INSERT INTO `jh_user` VALUES (332,'200907260217','邱嘉辰','8f3f0b7199ba7a7f6cb2a56d66282acd','教科学院','资讯部员','-','-','教育技术','0902','尚6 209','男','15068813016','515623',2,'2010-12-14 21:31:59','1990-04-05','朝晖校区',0,'249926183','qjcchina');
INSERT INTO `jh_user` VALUES (333,'200926680218','吴斌','e10adc3949ba59abbe56e057f20f883e',NULL,NULL,NULL,NULL,NULL,NULL,NULL,NULL,NULL,NULL,2,'2010-12-19 18:06:10',NULL,NULL,0,NULL,NULL);
INSERT INTO `jh_user` VALUES (334,'200924450304','储丽娟','cfc75185a1e0ca08c204f13a8c1e2df5','人文学院','论坛-普通版主','-','-','广播电视新闻学','0903','西六#208','女','15068851685','517175',2,'2010-12-19 21:45:42','1991-01-21','屏峰校区',0,'842545328','Monna');
INSERT INTO `jh_user` VALUES (335,'200807780133','赵迪峰','85ec55ebaadc633ea1fafe91a9cc290d','教科学院','资讯部员','-','-','机械工程及其自动化（教育）','机师0801','尚6# 416','男','','539162',2,'2010-12-24 00:00:34','1989-05-26','朝晖校区',0,'553715874','Darktamplar');
INSERT INTO `jh_user` VALUES (336,'200801640120','谈宾宾','e10adc3949ba59abbe56e057f20f883e',NULL,NULL,NULL,NULL,NULL,NULL,NULL,NULL,NULL,NULL,2,'2011-01-02 22:43:25',NULL,NULL,0,NULL,NULL);
INSERT INTO `jh_user` VALUES (337,'200903120302','蔡长玻','56e0a09835dc5c9c344c4cbd5f1eff65','信息学院','论坛-普通版主','-','-','自动化','0903','东二#610','男','15068881916','518764',2,'2011-03-01 10:24:46','1991-02-17','屏峰校区',0,'707789773','204560');
INSERT INTO `jh_user` VALUES (338,'200909300418','施凯军','e10adc3949ba59abbe56e057f20f883e','外语学院','论坛-普通版主','-','-','英语','Y0904','东1#222','男','518130（15068870636）','518130',2,'2011-03-01 16:14:41','1991-01-07','屏峰校区',0,'547460437','小、是');
INSERT INTO `jh_user` VALUES (339,'200911290602','胡晶晶','e10adc3949ba59abbe56e057f20f883e','艺术学院','-','-','-','环境艺术设计','环艺0902','西七','女','15068860762','517656',2,'2011-03-02 14:19:15','','屏峰校区',0,'99032873','');
INSERT INTO `jh_user` VALUES (340,'200903080209','李一祥','e10adc3949ba59abbe56e057f20f883e','信息学院','资讯部员','-','-','电气自动化','0902','东2—321','男','514088','',2,'2011-03-05 00:20:28','1990-08-20','屏峰校区',0,'236496417','');
INSERT INTO `jh_user` VALUES (341,'200909300509 ','李小娇','5515b504222a5259e77c11495f2213d6','外语学院','下载站部员','-','-','英语','0905','西2 419','女','15068870887','518163',2,'2011-03-05 00:31:25','1991-11-27','屏峰校区',0,'499904960','我在这等你');
INSERT INTO `jh_user` VALUES (342,'200901010120','吴于芸','5c0220d656e5e385635b7c2a4ed32200','化材学院','下载站部员','家园部员','-','高分子材料','0901','尚三#1026','女','13758245002','513488',2,'2011-03-05 00:32:13','1990-11-01','朝晖校区',0,'1158276515','蝶血');
INSERT INTO `jh_user` VALUES (343,'200917510125','徐菲','e10adc3949ba59abbe56e057f20f883e','法学院','下载站部员','-','-','知识产权','0901','西14#315','女','15068872115','518230',2,'2011-03-05 00:32:54','1991-09-10','屏峰校区',0,'32525772','Sofia_Sara');
INSERT INTO `jh_user` VALUES (344,'201002070118','王仑渊','b15f7af0b646066c2b30a9f93928cc58','机械学院','下载站部员','-','-','机自','机自1001班','东六304','男','18767118754','515145',2,'2011-03-05 00:36:08','1991-12-19','屏峰校区',0,'742666602','七年');
INSERT INTO `jh_user` VALUES (345,'梁世武','梁世武','e10adc3949ba59abbe56e057f20f883e','-','-','-','-','','','','-','','',2,'2011-03-06 16:23:00','','-',1,'','');
INSERT INTO `jh_user` VALUES (346,'2110905027','陆涛','e10adc3949ba59abbe56e057f20f883e','生环学院','论坛-普通版主','-','-','生物化学与分子生物学','微生物与分子09研','梦6#909','男','13675894276','663672',2,'2011-03-06 21:25:41','1987-11-13','朝晖校区',0,'434625785','装公子');
INSERT INTO `jh_user` VALUES (347,'201008280323','张弘','e10adc3949ba59abbe56e057f20f883e','人文学院','视传部员','-','-','广告学','1003班','东18楼512室','男','18767119363','523513',2,'2011-03-14 12:58:07','1990-08-24','屏峰校区',0,'307540207','224845');
INSERT INTO `jh_user` VALUES (348,'200911050218','周晔星','e10adc3949ba59abbe56e057f20f883e','艺术学院','视传部员','-','-','工业设计','0902','东四506','男','15068850416','524672',2,'2011-03-14 12:58:37','2011-06-25','屏峰校区',0,'616316889','落落飞飞');
INSERT INTO `jh_user` VALUES (349,'200911050211','唐都','e10adc3949ba59abbe56e057f20f883e','艺术学院','视传部员','-','-','工业设计','0902','东四506室','男','15068839524','524657',2,'2011-03-14 12:59:04','1990-11-25','屏峰校区',0,'547027483','tangdu1125');
INSERT INTO `jh_user` VALUES (350,'201024450128','詹斌','e10adc3949ba59abbe56e057f20f883e',NULL,NULL,NULL,NULL,NULL,NULL,NULL,NULL,NULL,NULL,2,'2011-03-14 21:48:47',NULL,NULL,0,NULL,NULL);
INSERT INTO `jh_user` VALUES (351,'201008580216','谢超男','e10adc3949ba59abbe56e057f20f883e',NULL,NULL,NULL,NULL,NULL,NULL,NULL,NULL,NULL,NULL,2,'2011-03-14 21:49:24',NULL,NULL,0,NULL,NULL);
INSERT INTO `jh_user` VALUES (352,'201001391508','华哲航','e10adc3949ba59abbe56e057f20f883e',NULL,NULL,NULL,NULL,NULL,NULL,NULL,NULL,NULL,NULL,2,'2011-03-14 21:50:00',NULL,NULL,0,NULL,NULL);
INSERT INTO `jh_user` VALUES (353,'200926680217','王家栋','ee75a61089196f8d4ba234deba07979e','计算机、软件学院','家园部员','-','-','网络工程','0902','东14#104','男','15068851025','517153',2,'2011-03-14 21:50:34','1990-09-28','屏峰校区',0,'419290303','desiveo');
INSERT INTO `jh_user` VALUES (354,'200926630324','徐宁','e10adc3949ba59abbe56e057f20f883e','计算机、软件学院','后台程序开发部员','-','-','计算机','09','','女','15068821319','515950',2,'2011-03-14 21:52:04','','屏峰校区',0,'173358672','');
INSERT INTO `jh_user` VALUES (355,'200926630322','徐飞黎','e10adc3949ba59abbe56e057f20f883e','计算机、软件学院','后台程序开发部员','-','-','软件工程','0903','','女','','',2,'2011-03-14 21:52:34','','屏峰校区',0,'635316960','');
INSERT INTO `jh_user` VALUES (356,'200826630721','吴家朕','e10adc3949ba59abbe56e057f20f883e','计算机、软件学院','后台程序开发部员','-','-','软件工程','','','男','15158133684','532351',2,'2011-03-14 21:53:28','','屏峰校区',0,'','wjz530122');
INSERT INTO `jh_user` VALUES (357,'200805570203','韩一罡','e10adc3949ba59abbe56e057f20f883e',NULL,NULL,NULL,NULL,NULL,NULL,NULL,NULL,NULL,NULL,2,'2011-03-14 21:53:58',NULL,NULL,0,NULL,NULL);
INSERT INTO `jh_user` VALUES (358,'200926470225','易肖峰','e10adc3949ba59abbe56e057f20f883e','计算机、软件学院','后台程序开发部-部长','-','-','数媒','0902','','男','15258842749','642749',2,'2011-03-14 21:55:08','','屏峰校区',0,'490626983','左氧');
INSERT INTO `jh_user` VALUES (359,'200811291018','张乐臣','e10adc3949ba59abbe56e057f20f883e',NULL,NULL,NULL,NULL,NULL,NULL,NULL,NULL,NULL,NULL,2,'2011-03-14 21:55:46',NULL,NULL,0,NULL,NULL);
INSERT INTO `jh_user` VALUES (360,'201019100336','朱昱霖','e10adc3949ba59abbe56e057f20f883e',NULL,NULL,NULL,NULL,NULL,NULL,NULL,NULL,NULL,NULL,2,'2011-03-14 21:56:51',NULL,NULL,0,NULL,NULL);
INSERT INTO `jh_user` VALUES (361,'201007760115','赖茹彬','e10adc3949ba59abbe56e057f20f883e',NULL,NULL,NULL,NULL,NULL,NULL,NULL,NULL,NULL,NULL,2,'2011-03-14 21:57:19',NULL,NULL,0,NULL,NULL);
INSERT INTO `jh_user` VALUES (362,'200926680109','楼弘','e10adc3949ba59abbe56e057f20f883e',NULL,NULL,NULL,NULL,NULL,NULL,NULL,NULL,NULL,NULL,2,'2011-03-14 21:58:14',NULL,NULL,0,NULL,NULL);
INSERT INTO `jh_user` VALUES (363,'201003080126','王森浩','e10adc3949ba59abbe56e057f20f883e','信息学院','开源社区部员','-','-','电气工程及其自动化','电气1001','东18-318','男','18767120417','',2,'2011-03-14 21:58:57','1991-10-25','屏峰校区',0,'337189277','一骑红尘');
INSERT INTO `jh_user` VALUES (364,'201003080132','杨龙','e10adc3949ba59abbe56e057f20f883e',NULL,NULL,NULL,NULL,NULL,NULL,NULL,NULL,NULL,NULL,2,'2011-03-14 21:59:23',NULL,NULL,0,NULL,NULL);
INSERT INTO `jh_user` VALUES (365,'201003090109','蒋灵仙','e10adc3949ba59abbe56e057f20f883e',NULL,NULL,NULL,NULL,NULL,NULL,NULL,NULL,NULL,NULL,2,'2011-03-14 22:00:17',NULL,NULL,0,NULL,NULL);
INSERT INTO `jh_user` VALUES (366,'200926100404','陈永','e10adc3949ba59abbe56e057f20f883e',NULL,NULL,NULL,NULL,NULL,NULL,NULL,NULL,NULL,NULL,2,'2011-03-14 22:18:26',NULL,NULL,0,NULL,NULL);
INSERT INTO `jh_user` VALUES (367,'200919100428','张平','8c66df556d2ddfd037df5b6eaece7ccd','国际学院','常务组织部部员','-','-','计算机科学与技术','0904','东11#417','男','15068878393','518561',2,'2011-03-15 11:18:05','1990-06-03','屏峰校区',0,'465113142','离开树的叶');
INSERT INTO `jh_user` VALUES (368,'201005910228','职璐爽','e10adc3949ba59abbe56e057f20f883e','-','常务组织部部员','-','-','','','','女','','519824',2,'2011-03-15 11:18:39','','-',0,'','');
INSERT INTO `jh_user` VALUES (369,'201005910508','李晓龙','1ac0549d4f803c8841ac2a6d3773beb9','经贸学院','常务组织部部员','-','-','gg','gg1005','d6#415','男','519905','',2,'2011-03-15 11:19:14','1991-12-01','屏峰校区',0,'562735538','d1nglxl');
INSERT INTO `jh_user` VALUES (370,'201008580104','黄帅','c0a7c04e2a9c2ff2a6603c6d91daf3b2','人文学院','常务组织部部员','-','-','汉语言文学','中文1001班','西15幢511','女','18767119623','523644',2,'2011-03-15 11:19:42','1991-03-29','屏峰校区',0,'1286548048','木末');
INSERT INTO `jh_user` VALUES (371,'200919100208','李昊琦  ','e10adc3949ba59abbe56e057f20f883e','-','常务组织部部员','-','-','','','','-','','',2,'2011-03-15 11:20:15','','-',0,'','');
INSERT INTO `jh_user` VALUES (372,'201009300328','钟雷雷  ','ea5fdbf44f86b785707b62753207a015','外语学院','-','-','-','英语','1003','西15，109','女','18767119816','203320',2,'2011-03-15 11:20:45','1992-08-13','屏峰校区',0,'523803','伏羲九九');
INSERT INTO `jh_user` VALUES (373,'201018360411','李江杭 ','e10adc3949ba59abbe56e057f20f883e','药学院','-','-','-','生物制药','生物制药1002','东苑15     212','男','18767121456','527104',2,'2011-03-15 11:21:23','1992    1006','屏峰校区',0,'36105019','');
INSERT INTO `jh_user` VALUES (374,'201002070218','翁佺','e10adc3949ba59abbe56e057f20f883e',NULL,NULL,NULL,NULL,NULL,NULL,NULL,NULL,NULL,NULL,2,'2011-03-15 11:22:01',NULL,NULL,0,NULL,NULL);
INSERT INTO `jh_user` VALUES (375,'201002040114','宋宇航 ','4f825074599277a78419bf0427242af1','机械学院','常务活动部部员','-','-','工业工程','一班','东6，124','男','18767118248','514664',2,'2011-03-15 11:22:24','1992-05-21','屏峰校区',0,'781967968','i十三');
INSERT INTO `jh_user` VALUES (376,'201008480125','郑敏敏 ','e10adc3949ba59abbe56e057f20f883e','人文学院','常务活动部部员','-','-','对外汉语','对外汉语1001','西15-505','女','18767119398','523546',2,'2011-03-15 11:22:45','1990-11-08','屏峰校区',0,'425760599','');
INSERT INTO `jh_user` VALUES (377,'201002040105','何旭东 ','0184b3bc28fb7608f4272f980824da88','机械学院','-','-','-','工业工程','工业工程1001','东6#113','男','18767118214','514651',2,'2011-03-15 11:23:05','1991-03-30','屏峰校区',0,'443777319','hxd2011');
INSERT INTO `jh_user` VALUES (378,'200903120212','金佳佳 ','e10adc3949ba59abbe56e057f20f883e','信息学院','常务办公室部员','-','-','自动化','0902','西六#525','女','15068881117','518704',2,'2011-03-15 11:23:31','1990-12-16','屏峰校区',0,'1074633930','Iynn');
INSERT INTO `jh_user` VALUES (379,'201002040122','俞仁强 ','e10adc3949ba59abbe56e057f20f883e','机械学院','常务办公室部员','常务办公室部员','常务办公室部员','工业工程','1001','东六114','男','18767118314','514689',2,'2011-03-15 11:23:48','1991-08-03','屏峰校区',0,'385145075','');
INSERT INTO `jh_user` VALUES (380,'201017510220','徐佳雯 ','b27bc487f246d9679cba72456a9b5dd3','法学院','常务办公室部员','-','-','知识产权','1002','西15#609','女','18767123697','528716',2,'2011-03-15 11:24:12','1992-03-24','屏峰校区',0,'1453473759','224815');
INSERT INTO `jh_user` VALUES (381,'yys','杨延圣','e10adc3949ba59abbe56e057f20f883e',NULL,NULL,NULL,NULL,NULL,NULL,NULL,NULL,NULL,NULL,7,'2011-03-17 09:02:25',NULL,NULL,0,NULL,NULL);
INSERT INTO `jh_user` VALUES (382,'200701020224','杨健','e10adc3949ba59abbe56e057f20f883e',NULL,NULL,NULL,NULL,NULL,NULL,NULL,NULL,NULL,NULL,2,'2011-03-20 21:24:33',NULL,NULL,0,NULL,NULL);
INSERT INTO `jh_user` VALUES (383,'200908480113','李嘉翼','e10adc3949ba59abbe56e057f20f883e','人文学院','电台部员','-','-','对外汉语','0901','西六302','-','13758236638 ','514378',2,'2011-03-26 11:14:16','1991-08-28','屏峰校区',0,'382291437','玉簟青绫');
INSERT INTO `jh_user` VALUES (384,'201008560108','蒋雷亦','2e4e27cc57cf8d9d3cb15a913ea336c6','-','-','-','-','播音与主持艺术','播音1001班','西15  508','女','18767119557','523588',2,'2011-03-26 11:14:50','1990-11-08','屏峰校区',0,'976839328','');
INSERT INTO `jh_user` VALUES (385,'200909300330','朱嘉莺','ee755bdd4adb8ac6270ef476fefab245','外语学院','-','-','-','英语','英语0903','西二','女','15068870117','680117',2,'2011-03-26 11:15:41','1990-02-22','屏峰校区',0,'798807738','');
INSERT INTO `jh_user` VALUES (386,'201008560124','张可欣','e10adc3949ba59abbe56e057f20f883e',NULL,NULL,NULL,NULL,NULL,NULL,NULL,NULL,NULL,NULL,2,'2011-03-26 11:22:39',NULL,NULL,0,NULL,NULL);

#
# Table structure for table role_operation_menu
#

CREATE TABLE `role_operation_menu` (
  `Id` int(11) NOT NULL AUTO_INCREMENT,
  `roleID` int(11) unsigned DEFAULT NULL COMMENT '角色ID',
  `operationID` int(11) unsigned DEFAULT NULL COMMENT '操作ID',
  `menuID` int(11) unsigned DEFAULT NULL COMMENT '菜单ID',
  PRIMARY KEY (`Id`)
) ENGINE=InnoDB AUTO_INCREMENT=539 DEFAULT CHARSET=utf8;

#
# Dumping data for table role_operation_menu
#

INSERT INTO `role_operation_menu` VALUES (264,2,15,9);
INSERT INTO `role_operation_menu` VALUES (265,2,16,9);
INSERT INTO `role_operation_menu` VALUES (266,2,17,9);
INSERT INTO `role_operation_menu` VALUES (267,2,32,15);
INSERT INTO `role_operation_menu` VALUES (268,2,33,15);
INSERT INTO `role_operation_menu` VALUES (269,2,36,15);
INSERT INTO `role_operation_menu` VALUES (270,2,37,16);
INSERT INTO `role_operation_menu` VALUES (271,2,39,16);
INSERT INTO `role_operation_menu` VALUES (312,3,1,1);
INSERT INTO `role_operation_menu` VALUES (313,3,2,1);
INSERT INTO `role_operation_menu` VALUES (314,3,15,9);
INSERT INTO `role_operation_menu` VALUES (315,3,16,9);
INSERT INTO `role_operation_menu` VALUES (316,3,17,9);
INSERT INTO `role_operation_menu` VALUES (317,3,32,15);
INSERT INTO `role_operation_menu` VALUES (318,3,33,15);
INSERT INTO `role_operation_menu` VALUES (319,3,36,15);
INSERT INTO `role_operation_menu` VALUES (320,3,37,16);
INSERT INTO `role_operation_menu` VALUES (321,3,39,16);
INSERT INTO `role_operation_menu` VALUES (322,5,15,9);
INSERT INTO `role_operation_menu` VALUES (323,5,16,9);
INSERT INTO `role_operation_menu` VALUES (324,5,17,9);
INSERT INTO `role_operation_menu` VALUES (325,5,25,13);
INSERT INTO `role_operation_menu` VALUES (326,5,26,13);
INSERT INTO `role_operation_menu` VALUES (327,5,33,15);
INSERT INTO `role_operation_menu` VALUES (328,5,35,15);
INSERT INTO `role_operation_menu` VALUES (329,5,36,15);
INSERT INTO `role_operation_menu` VALUES (330,5,37,16);
INSERT INTO `role_operation_menu` VALUES (331,5,39,16);
INSERT INTO `role_operation_menu` VALUES (468,6,41,1);
INSERT INTO `role_operation_menu` VALUES (469,6,15,9);
INSERT INTO `role_operation_menu` VALUES (470,6,16,9);
INSERT INTO `role_operation_menu` VALUES (471,6,17,9);
INSERT INTO `role_operation_menu` VALUES (472,6,32,15);
INSERT INTO `role_operation_menu` VALUES (473,6,33,15);
INSERT INTO `role_operation_menu` VALUES (474,6,36,15);
INSERT INTO `role_operation_menu` VALUES (475,6,37,16);
INSERT INTO `role_operation_menu` VALUES (476,6,39,16);
INSERT INTO `role_operation_menu` VALUES (477,6,44,16);
INSERT INTO `role_operation_menu` VALUES (478,4,15,9);
INSERT INTO `role_operation_menu` VALUES (479,4,16,9);
INSERT INTO `role_operation_menu` VALUES (480,4,17,9);
INSERT INTO `role_operation_menu` VALUES (481,4,18,10);
INSERT INTO `role_operation_menu` VALUES (482,4,19,10);
INSERT INTO `role_operation_menu` VALUES (483,4,32,15);
INSERT INTO `role_operation_menu` VALUES (484,4,33,15);
INSERT INTO `role_operation_menu` VALUES (485,4,35,15);
INSERT INTO `role_operation_menu` VALUES (486,4,38,16);
INSERT INTO `role_operation_menu` VALUES (487,4,39,16);
INSERT INTO `role_operation_menu` VALUES (488,4,40,16);
INSERT INTO `role_operation_menu` VALUES (489,4,44,16);
INSERT INTO `role_operation_menu` VALUES (490,7,1,1);
INSERT INTO `role_operation_menu` VALUES (491,7,2,1);
INSERT INTO `role_operation_menu` VALUES (492,7,15,9);
INSERT INTO `role_operation_menu` VALUES (493,7,16,9);
INSERT INTO `role_operation_menu` VALUES (494,7,17,9);
INSERT INTO `role_operation_menu` VALUES (495,7,25,13);
INSERT INTO `role_operation_menu` VALUES (496,7,26,13);
INSERT INTO `role_operation_menu` VALUES (497,7,33,15);
INSERT INTO `role_operation_menu` VALUES (498,7,34,15);
INSERT INTO `role_operation_menu` VALUES (499,7,35,15);
INSERT INTO `role_operation_menu` VALUES (500,7,36,15);
INSERT INTO `role_operation_menu` VALUES (501,7,37,16);
INSERT INTO `role_operation_menu` VALUES (502,7,38,16);
INSERT INTO `role_operation_menu` VALUES (503,7,39,16);
INSERT INTO `role_operation_menu` VALUES (504,7,40,16);
INSERT INTO `role_operation_menu` VALUES (505,7,43,16);
INSERT INTO `role_operation_menu` VALUES (506,1,1,1);
INSERT INTO `role_operation_menu` VALUES (507,1,2,1);
INSERT INTO `role_operation_menu` VALUES (508,1,41,1);
INSERT INTO `role_operation_menu` VALUES (509,1,6,2);
INSERT INTO `role_operation_menu` VALUES (510,1,7,2);
INSERT INTO `role_operation_menu` VALUES (511,1,8,3);
INSERT INTO `role_operation_menu` VALUES (512,1,9,3);
INSERT INTO `role_operation_menu` VALUES (513,1,10,4);
INSERT INTO `role_operation_menu` VALUES (514,1,11,4);
INSERT INTO `role_operation_menu` VALUES (515,1,15,9);
INSERT INTO `role_operation_menu` VALUES (516,1,16,9);
INSERT INTO `role_operation_menu` VALUES (517,1,17,9);
INSERT INTO `role_operation_menu` VALUES (518,1,18,10);
INSERT INTO `role_operation_menu` VALUES (519,1,19,10);
INSERT INTO `role_operation_menu` VALUES (520,1,20,11);
INSERT INTO `role_operation_menu` VALUES (521,1,21,11);
INSERT INTO `role_operation_menu` VALUES (522,1,22,12);
INSERT INTO `role_operation_menu` VALUES (523,1,23,12);
INSERT INTO `role_operation_menu` VALUES (524,1,25,13);
INSERT INTO `role_operation_menu` VALUES (525,1,26,13);
INSERT INTO `role_operation_menu` VALUES (526,1,32,15);
INSERT INTO `role_operation_menu` VALUES (527,1,33,15);
INSERT INTO `role_operation_menu` VALUES (528,1,34,15);
INSERT INTO `role_operation_menu` VALUES (529,1,35,15);
INSERT INTO `role_operation_menu` VALUES (530,1,36,15);
INSERT INTO `role_operation_menu` VALUES (531,1,37,16);
INSERT INTO `role_operation_menu` VALUES (532,1,38,16);
INSERT INTO `role_operation_menu` VALUES (533,1,39,16);
INSERT INTO `role_operation_menu` VALUES (534,1,40,16);
INSERT INTO `role_operation_menu` VALUES (535,1,43,16);
INSERT INTO `role_operation_menu` VALUES (536,1,44,16);
INSERT INTO `role_operation_menu` VALUES (537,1,45,17);
INSERT INTO `role_operation_menu` VALUES (538,1,46,17);

/*!40111 SET SQL_NOTES=@OLD_SQL_NOTES */;
/*!40101 SET SQL_MODE=@OLD_SQL_MODE */;
